"id","text"
"17970412394014977","Kalau cuma punya certificate AI tapi gak ada Data certificate bisa gak min?"
"17959664516499709","Kak buat studi independen batch 4 skrg buka gak ya ?"
"18337423543043798","@swunoei Hi Kak, sudah dibuka kak, silakan daftarkan diri melalui tautan https://go.maribelajar.org/msib. terima kasih"
"17983186546875183","@nahrul.k Hi kak, tidak masalah kak, boleh salah satu saja. terima kasih"
"18175546870254425","@maribelajar_id astagfirullah 😢, batesnya 8 Januari loh min, dibalas nya 16 Januari 😢"
"17951647792733709","Keren.. selamat untuk para pemenang..🔥"
"17935034183317011","mantapp😍🔥"
"17941031731822189","Berbayar atau gratis kak?"
"17955712150721657","@jrmatheos gratis kak ☺️"
"17969676076526618","Uang saku yang tertulis 1,2juta perbulan berubah menjadi 400ribu ya perbulan?"
"17883435401572073","@awesomevideos.id hallo kak, jangan lupa untuk ikuti penjelasan terkait uang saku besok yaa 😉"
"17950332004751821","https://twitter.com/biayswife/status/1504800460481335296?t=2kx0enoO8EM4Dxr9nJExvQ&s=19 Review dari batch 2 untuk mari belajar"
"17940079378944352","🔥"
"17939350813855630","Halo kaka admin, apakah semua orang dapat ikut walau belum bekerja?"
"17937523333784844","@syayafa Hi Kak Syafa, diperkenankan kak, silakan mendaftar 😊"
"17926542986081852","Min, tolong cek dm ya, terimakasih🙏🏻"
"18281059108011356","@ninisfi oke kak 😊"
"17987782321441503","Selamat malam kak, mohon maaf mengganggu. Saya mau membuka link format surat pernyataan tanggung jawab mutlak mahasiswa tetapi isinya susah dihapus dan tidak tersedia. Saya harap mendapatkan link baru, soalnya sudah dekat tanggal 5. Terima kasih."
"17932044895959740","@tianiexo sudah maksudnya"
"18129110761252343","@tianiexo halo kak, surat Pernyataan Tanggung Jawab Mutlak dapat diunduh di website Maribelajar.co.id"
"17983318876454136","@maribelajar_id ok kak, mohon maaf merepotkan"
"17909385692267826","Halo min, tolong cek dm ya"
"17914314866175108","@maribelajar_id min saya masih belum mendapatkan gmail terkait mengikuti on boarding... Apakah masih dalam artian ya pengiriman nya??"
"17927784155038459","Jam kerja ya, Min? Sayang sekali... Ada relaynya di youtube ga?"
"18005149063380785","Halo min, tolong cek dm yaa. Terima kasih🙏"
"17856370013667987","Halo min @maribelajar_id , minta tolong cek dm ya, saya menerima email undangan on boarding dan akun microsoft 365 dengan jalur lain bukan yg saya daftar sebelumnya, terimakasih."
"17848525460713324","Hi kak, bisa diabaikan email sebelumnya ya, dan email yang sesuai dg jalur pembelajaran yang kakak pilih telah kami kirimkan.terima kasih"
"18186293080088397","@dheazah3 hi kak, silakan cek email kembali ya"
"17891213285570427","Cek dm min tolong🙏🏻"
"18213437968185813","@maribelajar_id kalau untuk bbrp kolom data PIC Kampus di form pengumpulan dokumen adminstratif itu Koordinator MBKM Universitas ya min? atau boleh dosen pembimbing MBKM?. Terimakasih."
"17932173718874035","Hi kak, Boleh pembimbing, namun disarankan dpt diisi dg pic kampus"
"17988319570439640","@maribelajar_id baik kak terimakasih infonya"
"17916688025251177","@maribelajar_id  hi kak mau bertanya lg, kmrn saya tidak bisa mengisi angka 0 pada kolom no hp PIC kampus di form maribelajar utk pengumpulan sptjm dan surat rekomendasi, skrg saya cb lg ttp tdk bs, itu gpp ya kak tanpa angka 0? terimakasih."
"17937616481251272","Saya sudah daftar tapi tidak dapat email untuk melakukan test kak"
"17965529314741185","@sayarevanza_ hallo kak mohon cek email berkala ya, saat ini kami masih dalam tahap proses seleksi berkas 😉"
"18182630977169075","@maribelajar_id saya bach2 ikut intteligence cloud kalau misal nya mau ikut tentang cloud lagi saya ambil program yang mana yya kak soal nya beda program kak"
"17944000172140952","d4 bisa ikut ga ya min?"
"17959437613897004","Kak saya sudah mendaftar 4 hari yang lalu, tapi statusnya masih ""sudah daftar"" kak"
"18237835579139961","@maribelajar_id admin, link untuk pre test saya untuk MSIB cycle 3 tidak bisa dibuka, apakah bisa minta link baru?"
"18026408827385091","https://go.maribelajar.org/daftar-MSIB"
"17970841126711113","Untuk jadwal hariannya bisa di lihat dimana ya min"
"17952953716887822","jadwal kelasnya pagi/malam ya min? @maribelajar_id"
"17895826784393286","🔥🔥🔥"
"17963053870524692","Congrats❤️😍"
"17845397771748591","🔥"
"17950243436056230","semoga lolos🙏🙏😭"
"17964814531775126","setelah pretest apa ada tes yg lain min?"
"17914324634564038","Sudah ngerjain pre-test. Info selanjutnya kira-kira kapan ya min??"
"17869520231703069","Apakah untuk pengumuman diterima/tidaknya setelah mengerjakan pre-test akan diberitahukan melalui email kak @maribelajar_id ??🙏"
"17950286777076628","Setelah pretest pengumuman selanjutnya bagaimana ya kak?"
"17929603331513315","@urdearestblue mohon maaf saya ingin bertanya, karena kakaknya sepertinya sudah mengikuti pretest 1 minggu lalu. Untuk pengumuman lolos tidaknya apakah kakak tau akan bagaimana?"
"17961095149881510","Semoga saya lolos🙏🥺"
"17903506166543756","ka udh ikutan pretestnya ?"
"18051196069337686","@wdyayptr ia kak sudah cuman belum ada info untuk tahap selanjutnya🥺"
"17944487219047338","Daftar pathway apa ka?"
"17970693715670407","Kak apakah nanti ada kepastian info , untuk yg keterima atau tidak setelah ikut pretest"
"17973602251650795","@gabaguss microsoft Batch kak😢"
"18134314375285282","Belum pengumuman kah?"
"17915964194593334","@gabaguss belum kak masih menunggu😢"
"17945476613156856","semoga lolos"
"18006064102514648","Halo selamat sore bapak/ibu. Perkenalkan saya Salsabilla Putri Arista Member Mari Belajar bersama Microsoft MSIB Angkatan 1 Kampus Merdeka. Izin bertanya terkait sertifikat MariBelajar Angkatan 1 tidak bisa diakses. Lalu Bagaiamana cara untuk download sertifikatnya bapak/ibu? Terimakasih 🙏"
"18003859666525720","@salsabillaaristaa cek Dm kami ya😉"
"17886990260593957","@bdindaaaa oh iya kak, terima kasih banyak yaa kak untuk jawabannya. Sangat bermanfaat🙏 sukses selalu, kak✨"
"17942866921755325","Kalo udah dinyatakan lolos maribelajar di web kampus merdeka, itu ga akan ada seleksi lagi kan?"
"17980114987457196","halo min izin bertanya, untuk pengumuman setelah pre-test kapan, ya? apakah nanti ada email lebih lanjut untuk pengumuman lolos/tidaknya? Terima kasih"
"18216271090115215","@just.ninn halo kakk, boleh tau surat rekomendasi yg diminta itu formatnya gimana ya? saya juga udah dapet email permintaan surkom, cuma ngga ngerti apa bedanya dg surkom pas daftar 😂"
"17933976802925341","@trsiurrse Saya belum menyertakan surkom saat pendaftaran, baru mau upload setelah lolos.😅 Untuk formatnya saya dari kampus, mungkin sama aja Kak"
"17875619534633096","@jeslwln kakak sudah pengumuman ya?"
"17914452227150252","@just.ninn oh okeokeee makasih kak"
"17937200854891378","Min @maribelajar_id kenapa ya saya sudah pretes mulai tanggal 21 Januari kemarin tapi Sampai sekarang belum ada info lulus atau tidak nya hasil pretes saya min 😢😢"
"18120941245257240","Padahal yang lain cepet bangett dapat infonya hmm😢😢"
"17909522345246925","@pintarmt_ kk nya belum dpt email juga?"
"17918166350093203","@dimassamid.99 blm kak 🥺"
"18190433248157076","@dimassamid.99 kakak udah  dapat email pengumuman hasil pretes  ya?"
"17945632459698289","@pintarmt_ belom jugaa"
"17907977201281041","@dimassamid.99 Kaka kapan pre test nya? Tanggal 21 juga kah?"
"17954626648612732","@frdwardah btw udh ada tapi unofficial gt ka"
"17887588319593534","@rizkanamira aku boleh join ga 😢"
"17867267753650542","@rizkanamira dimana tuh kak? Mau dong boleh dm ya?"
"17911228304208600","@frdwardah ayo siniii"
"17910447998348938","@thisisanilau saya daftarnya tanggal 20 kak,terus dapet email untuk pretes di tanggal 21 kak"
"17910141716469893","@thisisanilau iya ka saya kemarin dapat email pengumuman jadwal pretes tanggal 21 ,nah di tanggal itu juga saya kirim jawaban pretes nya kak. Tapi sampai sekarang pengumuman hasil pretes nya lolos atau engga"
"17925721952086055","@thisisanilau Kaka daftar tanggal 12 Januari ya?"
"17937451936892691","@thisisanilau Aamiin ya Rabbal'alamiin"
"17911996694483033","@thisisanilau semoga kita lolos ya kak 😁"
"17844372542716763","@thisisanil Aamiin ,siap kaa💪✊"
"17919913634062962","Jadwal untuk pembelajarannya apakah akan diberitahukan sebelum kelas d mulai kak?"
"17928360668062055","@pawestm udah ambil tawaran, tp kok gadisuruh upload surat rekomendasi, itu ada sebelah mana ya? aku cuma upload suratnya pas pendaftaran aja"
"17916531470197970","@rizkanamira boleh gabung dong"
"17923252331114383","@ikha_sawitri dm kaa"
"17848512962702505","@bilkishilmiap pas pendaftaran itu ga wajib upload"
"17934354352937723","izin bertanya kalau konversi mata kuliah itu bisa dilakukan kalau program studi independen sudah selesai atau bisa sambil berjalan ya?"
"17945770321700232","Permisi.. Ada yang sudah lolos di mariBelajar?? Kalau sudah tolong info dong jika ada group whatsapp/telegramnya terimakasih 🙏"
"17969345509471627","@esihtheamean ada grup wa nih tpi yg unoff"
"17941935694816664","@pintarmt_ hai kak aku juga pretes tanggal 21 januari tapi juga belum dapet email sampai sekarang"
"17910143339363744","@asriliap Kaka daftar di modern educator track?"
"17934398866903292","@ynhhdh saya boleh masuk nggak kak? Kalau boleh saya DM🙏"
"17873442653636611","@pintarmt_ iya kak"
"17903578031334555","Hai temen temen mau tanya yang test tanggal 21 januari adakah yang sudah dapat pengumuman lulus ??"
"17935337134825575","@maribelajar_id apakah ini sore kak?"
"17915978792125534","@rizkanamira halo kak, maaf jbjb. Boleh ikut gabung grup wa nya kak?"
"17935184008924014","@al.viiinisn dm ya kak"
"17869286858617257","@frdwardah aku mau gabung bisa ga ka"
"17895086165483635","@ynhhdh saya boleh ikut masuk ka?🙏🏻"
"17975530480484734","@virginiaagst dm ya kak"
"17907087014312831","Miin koo saya gabisa buat tanggal sesuai jadwal ya cuma pas saya perbarui tanggal lain yang tidak sesuai jadwal kontrak itu bisa mohon bantuannya min😭"
"17976698587482545","Selamat malam kak, mohon maaf mengganggu. Saya mau membuka link format surat pernyataan tanggung jawab mutlak mahasiswa tetapi isinya susah dihapus dan tidak tersedia. Saya harap mendapatkan link baru, soalnya sudah dekat tanggal 5. Terima kasih."
"18081838747292109","@rizkanamira halo ka, aku boleh join ngga?"
"17917705580268856","@hi_naell dm ya ka"
"18225329875102006","@virginiaagst boleh kak"
"17907043808457741","@esihtheamean halo, kak. Aku juga lolos, nihh. Aku boleh join grupnya, ga kak? Kalo boleh, nanti aku DM kakak"
"17926588874088814","@im.ursun boleh kak"
"17869572692819955","Min, perbaiki dulu web nya... Loker kmren masih tercantoll gimana mau tambahi ijazah S1 nya...."
"17971841110982321","@vzrenggamani"
"17957052659251309","@anonimusi_id @maribelajar_id"
"17939538062386807","Hi @anonimusi_id  dan @nandariziq saat ini kamu dapat mencoba kembali untuk unggah berkas yang di maksud. Apabila masih belum bisa mohon dm kami untuk  nama lengkap Anda. Terimakasih 😉"
"17997692971545510","@fendi.irfan"
"17894404322578954","Lagi nunggu msib @maribelajar_id min"
"17929664255508991","@dimediain tunggu informasi selanjutnya ☺️"
"17969121253720950","@maribelajar_id  waww tingkyuu min"
"17980137769520740","Maribelajar buka studi independen lagi ga min? Nunggu bgt nih buat SI nya. Soalnya udh tgl segini blm buka track yg aku harepin 🥹 @maribelajar_id"
"17959168963845860","@rahmaapriliaani bner bgt😢"
"17898613358562364","Cek DM kak"
"17942982506139947","@rahmaapriliaani hallo kak, kami sudah buka pendaftaran 🥳 studi Independen cycle 3!! Jangan lupa daftar, sampai berjumpa dikelas"
"17937389309254741","@siddiqindrasyahrul done ka 👍"
"17960418517640587","Terima kasih❤️❤️❤️❤️❤️❤️ Tuhan memberkari🙌🙌🙌🙌"
"17944070186009804","👍🏻👍🏻"
"17964010438669003","wahh mantap, jangan lupa kunjungi profil kami yaa😍🔥"
"17955166037141620","Mau nanya apakah nanti ini mendapat kan sertifikat?"
"17854981457810210","@michael_sinaga24 hallo kak, sertifikat akan diberikan bagi peserta yang mengikuti challenge"
"17958645838809668","👍🏻👍🏻"
"17858673113883523","Min ini online atau offline yah @maribelajar_id 🙏🙏"
"17916826202651113","Belum ada pengumuman min?"
"17978929207820451","@rafaunais Hi kak, saat ini masih belum ada. mohon berkenan menunggu ya. terima kasih :)"
"17976756823853134","@syahbani731 Hi Kak, pelaksanaan pembelajaran sepenuhnya dijalankan secara online. terima kasih"
"18032902225437758","@maribelajar_id untuk kelanjutan seleksi tes berikutnya gimana min? Karena ada beberapa temen saya yg blom dapet email tes"
"17929542521632185","@rafaunais Hi kak, untuk selanjutnya akan ada uji wawasan kebinekaan. Bagi yang merasa belum mendapatkan email pretest, bisa diarahkan untuk memeriksa SPAM, kak. terima kasih"
"18245347849150261","ka @maribelajar_id , kalau sudah ikut pre test tetapi ingin daftar di posisi lain apakah bisa ?"
"17951638013281349","Ka mau bertanya apakah jika tidak lulus berkas spjtm maka kelulusan akan berpengaruh"
"17966845499012252","@maribelajar_id oohhh gitu yah min"
"18322552993070024","@wdyayptr hi dear selama pendaftaran masih dibuka dapat mendaftar dibeberapa jalur pembelajaran. Namun hasil akhir tetap memilih satu"
"18072770587314917","@duit.receh hi dear berkas harus sesuai dengan syarat dan ketentuan"
"18002248315602385","min itu maksudnya proses seleksi mahasiswa di platform itu platform apa ya? apakah seleksi yang dimaksud itu survey kebhinekaan?"
"17994902032657153","Kak kalau yg belum mendapatkan email pre test apakah dinyatakan tidak lolos ?"
"17973873533059048","Min saya tes di webnya kok nyandet trus ya min dan waktunya terus berkurang, kalo gini caranya apa gabisa diulang min. Karena koneksi saya juga lancar"
"17995537924638205","ini khusus mahasiswa ya?"
"18277372810098403","@endah.enje Hi kak, benar 🙏"
"17856865796867410","hi kak aku udah ampe tahap, pretest dan validasi apakah stlh itu ada tahap konfirmasi lolos pretest melalui email atau lgsng seleksi di platform ?"
"18009764920526799","@eeca.aa platform kampus merdeka kak"
"18343297744035968","@lutfiahans_ pengumuman melalui platform kampus merdeka kak"
"17969936203997979","Ada yang udah keterima?"
"17973665491903554","@aryamanunggal255_ ada kak"
"17988839344837015","@maribelajar_id terjawwb ka"
"18243937000101819","Mau tanya career maribelajar apakah itu untuk S1 ?"
"17916876404380887","@anonimusi_id tersedia dari beberapa jenjang pendidikan kak, tidak hanya dari S1 😉"
"17864059298739746","@maribelajar_id  jadi bisa gunakan ijazah sma ya untuk daftar?"
"17976304612554596","Halo kak admin, klo yang udh daftar di bulan april harus daftar lagi kah atau gimana"
"18232444234143343","Halo kak. Yang sebelumnya dapat email dan diminta menunggu itu gimana ya kak?"
"17902492286595802","Hallo kak @agil.anggini19 dan @hadygunawan16 jika sudah mendaftar gelombang 1 tidak perlu mendaftar kembali. Dan cek email secara berkala untuk informasi pembagian kelas 😉"
"17998311724446560","@maribelajar_id baik, kak. Terima kasih kak"
"18229888228140971","keren😍🔥"
"17867911886763675","Min mau tanya email mari belajar kok ke logout login lagi ngak bisa kenapa ya min?mohon informasinya"
"17853993050847523","Hi kak @rizkymutiara86, benar akun maribelajar sudah kami non aktifkan beberapa waktu yang lalu"
"17987639788619065","@maribelajar_id baiklah, lalu untuk file2 yang kami simpan di situ bagaimana ya min, masih ada sertif yamg belum terunduh, soalnya tidak ada pemberitahuan akan di nonaktifkan, apakah bisa di bantu"
"18031366777410223","@rizkymutiara86 hi kak mohon periksa dm kami, terkait sertifikat bisa diunduh tanpa harus signin terlebih dahulu"
"17961728294026151","Untuk Mahasiswa apakah boleh ikut?"
"17982453439673121","Hi kak @ir.vanm, diperbolehkan"
"17871489860841492","Min offline dong😂🙌 @maribelajar_id"
"17935594922603484","😢"
"17967823646330168","Yah udh abis kuota aku"
"17856421817990545","dapet uang saku gak min?"
"17984250137248237","izin tanya min, untuk jadwal pembelajarannya bagaimana ya ?"
"17976621503517333","Offering mitranya kira² tanggal berapa ya kak?"
"17863332929971200","Ini udah pengumuman belum ya?di status pendaftatanku belum berubah masih""sudah daftar"""
"18074791336378848","Ayok bismillah bisa maribelajar proses pendaftarankuu,biar bisa keterima disiniii"
"17902076642811296","Apakah sudah ada grup belajarnya kak?"
"17981387387111956","Ada  uang bantuan uang saku kak ?"
"18258517708087719","@jrbjrb658 lolos ga kak?"
"18277032259179820","@agusspresley lolos kak?"
"17962325537439774","@ikhwanzbkhi lolos bang"
"17982032009339517","@agusspresley ngambil apa bang?"
"17993110270947240","@ikhwanzbkhi microsoft platform developer"
"18229372021230530","@agusspresley pengumuman nya dimana kak?"
"18045419395482320","@saddam_alyudin di gmail juga ada kok, kalo ga cek di web kampus merdeka nya bang"
"18015098281667272","@agusspresley wah samaa kak😃"
"17962963730612579","@sodonewith__ udah ada info info lagi gaa atau grup wa gitu?"
"18151718581293213","@agusspresley beluum kak:"")"
"17906254439802628","@sodonewith__ kata adminnya segala informasi bakal d sampein d wa/email. Dn blm ada grup officialnya gtu"
"17849873678997398","Mau tanya, ada yang udah lolos msib 5 ga terus ambil tawaran di mari belajar Microsoft ini?"
"17982236255123669","@sodonewith__ udah ada kak itu grup wa nya coba cek"
"17925217241652377","@intananggi15 aku udah lolos kak"
"17967778814242269","Wah mantab. Baru tau👍👍"
"18218363335186591","🔥"
"17993662447821725","Izin kami share kk"
"17956839845415466","@info.pelatihangratis silakan kak 😊🙏"
"17847728405920006","What Language is it??"
"18251012986177492","@theradlifavaiaoo2 Indonesian"
"18339412123052654","cek dm @maribelajar_id"
"17985677722840194","@agil._._ done kak 😉"
"17971695650093136","cek dm min"
"18129892300293740","cek dm @maribelajar_id"
"17983320916750874","Cek dm kak pls @maribelajar_id"
"18276737845111045","Kalau boleh tau pengumuman lolos studi independen kapan ya min?"
"17987572489703868","@hasanah_14901 hi dear, pengumuman penerimaan melalui platform kampus merdeka pada tanggal 4-11 Februari 2023. Mohon cek akun secara berkala"
"17987164732829688","@rafid_ikbar done kak"
"17921964422578659","@agil._._ sudah kak 😉"
"18046878469392704","@muhammadfahridy done kak"
"17965945856276238","@maribelajar_id terimakasih kak admin atas informasinya"
"17871321377836277","Kak izin tanya, kalau tidak ke terima keterangan di platformnya ""diproses""  akan berubah tidak ya? @maribelajar_id"
"17873980637829779","@maribelajar_id maaf kak, bisa cek dm lagi?"
"17978078752863521","Min mohon cek dm hehe makasih"
"17891288360773663","Min mohon cek dm ya makasih"
"17981087224932208","yg lolos program SIB udah ada yang masuk grup belum?"
"17889400058784341","@tyadr halo kak, sudah ada grupnya belum ya?"
"17844680156941452","@tyadr lolos nih"
"17933167148627346","@maribelajar_id cek dm ka"
"17978181577955342","Ada yang lolos tapi blm ada informasi lagi lewat email?"
"18010569850549547","cek dm min🙌 @maribelajar_id"
"18236938741085844","Ini yang lolos untuk komunikasi hanya melalui Microsoft Teams saja ya? Apa ada grup wa/tele begitu mungkin?"
"17926808891554694","@nabiiila.z nitip kak"
"17977672808050340","@nabiiila.z kka lolos juga?"
"18004819630597460","@mfikrisw kakak lolos juga?"
"17912987933697945","@yellvnaa lolos ga kak?"
"17995412152729365","@anscntyaa_ lolos kak"
"17898785873750131","@mfikrisw cek dm kak"
"17978282957006184","@anscntyaa_ lolos kak"
"17945902016401004","@yellvnaa hi kak, saat ini apakah masih blm dapat email? Jika blm mohondapat memeriksa inbox/spam di email kakak ya, terima kasih"
"17994722068688113","@maribelajar_id Sudah ada kak terima kasih 🙏🏻"
"17905961933650877","Kereeen 🙌🏼✨"
"17978694643990457","Selamat ya maribelajar, bangga sebagai bagian dari mentee maribelajar batch ke dua 👏"
"17992846168659951","@varifz terima kasih kak telah menjadi bagian kami, belajar dan bertumbuh bersama kami 🙏"
"18018650137464599","@frjuliaa terima kasih kak🙏"
"17966196656479851","❤️"
"17969842430283441","Mbak Ningggg❤️❤️❤️❤️"
"18199284862256325","WIIHHH MANTAP"
"18232043623168684","@zzllvsya alhamdulillah❤️"
"17876831831927210","Incess❤‍🔥❤‍🔥❤‍🔥"
"18026835649584305","aih kerennyaaa ✨️"
"17986392527201697","KEREN!! SEMANGAT INTANNNN🤏🧚🏻‍♀️"
"17967894998580082","@lailrdhzf MAKASIHHH LAIL, AKU SELALU SEMANGAT HEHEHE🔥"
"17967696821346249","@uchyanisaaa 😍😍😍"
"18255286927164660","@fathannabilaa_ hihihi maksih fathan"
"18002613461024035","Apa ada paket yang waktu kursusnya dipercepat??"
"17993429822214262","@bratenengah hi kak waktu pelatihan 2 hari tiap batchnya 😉"
"18052260991486466","Apakah lembaga ini sudah terdaftar pemerintah?"
"17874989039968658","Sertifikatnya terdaftar di BNSP ngga? @maribelajar_id"
"17907068753833940","Halo kak @az.khairyah perusahaan kami sudah terdaftar sebagai lembaga Pelatihan Kerja Teknologi Informasi dan Komunikasi Swasta di Indonesia 🥰"
"18194316802217037","What Language is it??"
"18161052169280358","@theradlifavaia1 bahasa"
"18067720882352753","permisi kak, ijin bertanya untuk pendaftaran di Kampus Merdeka sampai tanggal berapa ya kak? 🙏🏻"
"18028332208452655","@windaasrd hi dear, sampai tanggal 27 Januari 2023"
"17922564497647543","Halo kak untuk tahapan tes seleksinya ada apa saja ya ?"
"17893740980751555","Hari dan jam belajarnya bagaimana ya kak?"
"17963100191325572","@duit.receh Hi kak, utk proses seleksinya meliputi seleksi administrasi > Pretest: uji pemahaman umum terkair jalur pembelajaran yg dipilih > konfirmasi melalui platform > uji wwawasan kebhinekaan > pengumuman final. Terima kasih"
"18049454101385682","@ayuandinimh Hi kak  utk hari pelaksanaannya seperti layaknya kuliah, dari senin s.d jumat, namun tidak tiap hari. Sementara utk jamnya bervariasi mulai dari pkl 7.30 s.d 21.00. Terima kasih"
"18245146693151487","Pengumuman tes selanjutnya kapan ya min? Udah daftar dari 3 hari lalu emang belum dikirim semua atau gimana ya min?"
"17948342255322164","Oiya lalu untuk mengikuti data analyst ini apakah ada persyaratan khusus? Seperti spesifikasi laptop?, jurusan atau mata kuliah yang harus ditempug?"
"17997546880569996","@maribelajar_id siap terima kasih kak 🙏🏻"
"17889285992769512","Permisi kak, untuk proses seleksi apakah diinformasikan melalui email? Soalnya saya sudah daftar beberapa hari yg lalu namun di website mbkm statusnya sedang dalam proses🙏"
"18240244645194667","Halo kak.. saya sudah mendaftar di platform kampus merdeka, tapi belum mendapatkan email untuk pretest. Apakah kemungkinan saya tdk lulus administrasi? 😢"
"17969585689966866","@dhiy.zip sama blm dapet info lanjutan"
"17978471923817781","@nabilarizky_02 Hi kak, sedang dilakukan seleksi secara parallel, baik administrasi atau pun uji pengetahuan dasar.terima kasih"
"17874994877776615","Hi kak @dhiy.zip mohon ditunggu ya kak"
"17916224426651401","@atanasius_ hi kak, mohon ditunggu yaa"
"17942831069397652","@rafaunais Hi kak, mohon ditunggu informasi kami selanjutnya ya"
"18311553235073057","@rafaunais hi kak, smua sama kak persyaratannya. Karena nanti akan digunakan jg utk mendukung kelancaran waktu sertifikasi internasional 🙏"
"18009117511534225","@sitirosyadahnurlia Hi kak, benar akan kami kirimkan via email, shg mohon secara memeriksa emaik abik di inbox atau spam. Terima kasih"
"17930634326629036","@maribelajar_id baik kak.. terimakasih kembali atas informasinya 🙏"
"17911542044686497","Halo kak @maribelajar_id izin bertanya kembali, saya mendaftar di 2 posisi sebelumnya dan saya mendapatkan 2 email pretest,  kemudian saya mengisi dua-duanya akan tetapi ternyata link pretesnya masih sama. Apakah tidak apa-apa kak?🙏"
"17940829493540818","Izin bertanya admin, saya dpt email pretest 2x dengan posisi yg sama, apakah harus dikerjakan 22nya atau hanya salah satunya?"
"18256650694176742","mac osx monterey aman ya kak ikut ini?"
"17963165771194884","@ariahmadsobarudin sama saya juga dapat email 2x mohon pencerahannya min @maribelajar_id"
"17978304490942390","@eeca.aa hi kak cukul sekali saja jika memang posisi yang dilamar hanya 1, jika lebih dari satu maka silakan dikerjakan sesuai jalur pembelajaran yg dilamar. Terima kasih"
"17963133578191938","@maribelajar_id baik min, berarti itu dikirim dua kali bukan karena pengerjaan saya yang pertama bermasalah ya min"
"17950626527303804","@eeca.aa benar kak"
"17977192906954576","izin bertanya min, saya sudah daftar tp sampai sekarang masih tidak ada email untuk test atau apa pun itu, sedangkan sudah mau survei kebhinekaan?"
"17963295413483372","@aleisya01 hi dear jika berkas sptjm/sr mu sesuai maka pre-test sudah kami kirimkan pertanggal 30 Januari kemarin, mohon pastikan memeriksa folder spam atau promosi juga. Terima kasih"
"17869376570841526","@maribelajar_id baik terimakasih konfirmasi nya, soalnya saya kurang tahu dan tidak ada email pemberitahuan apapun sdh dicek semua, padahal ikut yg lain ga ada masalah dgn berkas, ya sudah terimakasih 💕"
"17916424463604429","@maribelajar_id Mohon izin bertanya kak, konfirmasi melalui platform itu seperti apa ya kak?"
"18006667801566691","@maribelajar_id admin tolong baca dm 🙏"
"17977449031996064","Dapat uang saku selama program ga min? @maribelajar_id"
"17991247082319504","Kelas betulll"
"17984786870080561","😍😍😍😍"
"18066179581409815","@khai.ihsan suttttt🤫"
"18014532511689573","@uci.wln 😚😚"
"17960565724842803","Cantike mba rizkaa 😍"
"17976412484424210","Congrats dan semangat terus Erlina 🤍"
"17926114376740286","congrats bund❤"
"17987214023492194","@doraanggraaainiii mkasii bu dor🔥"
"17844841701027361","@ratna.psari makasii mba ratna❤️"
"18005431999757608","wah congrats ya nok, selamat menempuh SI semoga dilancarkan..."
"18016434826672373","@yuu.lianti_ amiin, mkasi mbaa❤️"
"17986056487696592","Manteb"
"18249812884125141","@titowes yuks daftar msib kack 😍"
"17948293265402382","inpo magang merdeka kak"
"18036179356415598","keren kak"
"18006272140492572","@pluviophileyy ah nggak kok kack🙈"
"17941115834360875","@mkfikri_ langsung ke website kampus merdeka kak"
"18004586020556032","@xxrevita Alhamdulillah kack 😍"
"18055348429477966","@gemilang_tirto"
"18000136045975136","@whoopsy.jeffry07 ga main menkrep"
"18021267808621762","Semnagat koncku✊"
"18024542950599546","Mntaplah👏👏"
"18238983811177009","beungeut😂"
"18256505782140176","Kacaww"
"17911157303590711","Ashiaaap santuy bi😂"
"18333983374052674","😍😍😍"
"18251227588192393","Mari Kita belajar 🤡"
"17965251617030090","Yg di belakang siapa ka?"
"18001234921558850","looting teroz"
"18056878150433157","ngeri parahhh🔥"
"17917887788684114","@azizaaanz naaah ini nihhh yang lebih ngeri🙇"
"17999416306955082","Wahh... mantap Semoga lancar terus 🔥🔥"
"17919447641768944","@_mastur.99 masyaallah terimakasih Mas Tur!"
"18007917478830077","Kk  Rama ini Rafa sekarang  tinggal di mana k"
"18283089877130829","keren bgt kak ramaaa🤟🤟🤟"
"17994309134081719","@salsa__648 halooo Rafa. ini Rafa apa Vita coba hayoo. Ka Rama masih di Karanganyar, Faa."
"17995786790088391","@nazhifafarradina wainiiii niii yang lebihhh keren nihhh🥳🙌 Selamat jugaaaa niiihhh udah jadi mabaaaa🤙"
"17846552481017572","wah sipaling merdeka xixixi"
"18018842425594927","@mamammamamat gass semua program pokoke"
"18100946845331675","@ramadyawd cuan cuan cuan"
"18225831922125986","Pingin ikutan @magangmerdeka batch 3 ini tapi..."
"17948111687033065","@prasetyo_adh24 mending magang aja mas duitnya gede"
"17983207405554248","@yumnakanshaaa aku udah ikut kampus mengajar mas, pingin lanjut buat ikutan studi independen. Tapi gak di bolehin sama prodi"
"17972424730634663","and my boyfriendsssss.... kurang itu weh"
"18026114671385585","@maghfirahhan klo ini bingung mau tag siapa😌"
"17864365289758159","wessss mantappppp👏🔥"
"17926228742517263","@hanifaandika bisa aja ibuuu🤯"
"17887569254625982","🔥🔥🔥"
"17911791365800588","Apakah power bi dipakai untuk penelitian kualitatif. Wawancara. Menyusun makna dll, mengukur kepuasan tamu secara kualitatif?"
"17937748778707447","Saya udah 2x coba daftar koq ndak adacemail yg masuk yaa"
"17984900582152645","Bisa kak @samerdantasinulingga,  analisis kualitatif dengan power BI, dapat menggunakan text analysts, dan pengukuran feedback dari tamu dapat menggunakan sentiment analysis di power BI contohnya pengukuran feedback positif atau negatif. Untuk pembelajaran lebih jelasnya yuk daftar dan ikuti webinar Analisis data dengan Power Bi 😉. Kami tunggu kehadirannya kak"
"18284995942126231","Hi kak @ad.hi3515, mohon maaf atas ketidak nyamanannya. Apabila tidak masuk pada kotak masuk email, tim kami juga mengirimkan via whatsapp. Mohon untuk dapat diperiksa ya kak. Terima kasih 😉"
"17995796447286587","Udah masuk di WA dan sy udah bayar"
"18086717074375005","@maribelajar_id bagus wa saja biar intens dan betul betul, website webiste tak jelas. Ada wa nya??"
"17965495465742476","Wuidiii❤️❤️❤️"
"17912460419557208","@ntaynnn jadi gimana Ibu? Congrats atas dana bantuannya di program kampus merdeka jilid sekian, baek² yaaaaa wkwkwk"
"17956460597482350","Apa kabar re"
"17978573992764478","Masa iyo"
"17918369336091785","mangstabb"
"17937412375820115","@aditadz mohon bantuannya kaq Adit wkwk"
"17886973220597446","@andrno.am punten mass wkwk"
"17926596278061610","kok kurus?"
"18281090245052083","Semangat kakkak👏👏👏👏👏"
"17896478885439089","@kameria_eta makasih sayang"
"17969058028513474","@viandini_08 makasih kating"
"17862436691637185","Semangattt kaka🔥🔥"
"17900574260342897","@fiitrianf  makasih kating aku"
"17942572339785167","Congratulation!"
"18267490516064331","@harisfadh20 Wahhh Tutor Zenius 😍😍"
"18162087028173722","@samuel.parlindungan12 hahaha soon bro"
"17894846468469415","@harisfadh20 ahahaha amin, kita sukses dengan cara kita sendiri 🔥"
"17908686164464713","Kerennn🔥"
"17935908211780184","mantap, msibnya di micosoft..🔥🔥"
"17881848590534662","Bikin yg angka romawi dan angka biasa min, terus tata letaknya atas atau bawah, itu berguna banget buat yg skripsian. Bikin reels aja"
"17936057908825337","@b.yukadji Hi kak, terima kasih atas masukannya. Kami tampung dulu ya 😊"
"17935145788901592","Batch 1 kmrn aku ikut program yg modern productivity, skrg kebantu bgt ikutan studi independent ini buat aku skripsian🥰thankyou maribelajar✨✨"
"18120142156301488","selalu pakai cara ini untuk buat daftar isi"
"17918251988195211","@desra.reifka tutor dong suhu"
"17911175009349645","@b.yukadji aduh kalah sama yg lebih suhu nih🙏"
"18114221740272103","Min mau tnya mngenai SPTJM MSIB itu formatnya yg diganti ckup nama ybs atau hrus diberi kop suratnya?"
"18112472827276788","Tadi saya dengar pemaparan dari pemateri bahwa ttd Wakil Rektor untuk SPTJM boleh digital. Apakah saya bisa mendapat respon disini bahwa itu boleh. Karena pihak kampus menuntut itu. @maribelajar_id"
"17923713563021067","Super membantu min"
"18111939334283659","❤️❤️❤️❤️"
"18187903765160326","🔥"
"17905054793392923","Gass kan🔥🔥"
"18183128743090254","Suhu rek👏👏"
"18079022551288698","Wadoooo wes ndisik i lo"
"18025710460341726","@soffanakbar nggeh maszehh"
"17907755213508296","@nvanth1 termometer lak an"
"18029813881328440","@agitaberlian_ iya lo, disik an dirimu tapi"
"17952336436626174","@rifasafir_ gamau duluan, maunya barengan sama kamu❤️"
"17946351880685294","@agitaberlian_ mulai"
"17919043739314312","@agitaberlian_ Ya Tuhan:)"
"17926403213043093","@elsaallyana kenapaaa sa? Ada masalah? Minat safir? Gapapa ambil aja. Asal dia mau😜"
"17899630088376676","@agitaberlian_ sudah2 jangan rebutan saya:("
"17897618534522652","Wenakkkkk"
"18183843286091834","@fakhrialwidodo 🏃🏃"
"17889510494585338","yoiki seh🔥🔥"
"18222955678096294","joos🔥"
"17920748666142281","@ocmykris gandos"
"18202236508134220","@syahrilalfath wo nggih mas"
"18195719590183268","@bangtio123 koncomu yoo"
"17947347067728257","@verdyanctw__ raine ngateli"
"17921184254049695","@bangtio123 poll temonyone"
"17958560572576020","@verdyanctw__ mbiyen turaturu saiki kakean polah"
"17917917602276814","@bangtio123 onok opo iki rame2"
"18023538520352266","@bangtio123 biyen senengane ngrusuhi kos sak iki suangar"
"17937380131761316","@verdyanctw__ tenan iki idaman ciwi unesa"
"18013376875368556","#maribelajar🙌"
"17915193110330038","Yeayyyy, semangaatt dhee 🥰✨"
"18183966133094376","@sitihusnullkhatimaah mangattttt🙌"
"17922699146121260","@audira_ichsan #maringuli"
"17971753429498765","#maribelajar🔥"
"18203034817135108","Jadi inget ""im ready promotion"" nya Spongebob"
"17920389398161916","@yomeeo_ #marirebahan"
"18038818108320569","@ridhopratama7 ape"
"17905018697456222","@yomeeo_ oiya ya😂 baru kepikiran"
"17962573888545375","aww fighting my nunaaa ❤️😻🥳💕💅😉💘 u can do it!! 🌈✨✨🙆🏻‍♀️"
"17895416813525877","@anggrainydhea Spongebob movie, kasian ga di promosikan jadi manager si sponge"
"18149707096237100","@xalyazn27 avvv makasih nanatttt🙌🙌❤️❤️"
"17943673873902024","Wanna follow each other 💕🇯🇵"
"18160010392238175","@anggrainydhea urang Padang kakak"
"17924709119252481","@lover_manga__sejati bukan orang padang, cuma kuliah"
"17965318522590330","@anggrainydhea bukan ya maaf saling follow yuk"
"17965465567470474","Anjay, keren rek"
"17932528051784882","@rizkyarima_11 sek lebih keren arek ITS😂"
"17853633542680406","@fikri_rusli10 masih nope ane, idih magang di microsoft mas"
"18270091015059875","Alhamdulillah... Kerennn. Semangat ya..."
"18141495097220827","@arihandayani267 siap te"
"17929906195903258","Mantap cici👏"
"17925916717989951","@pahmi_id pahmiyy👏"
"17852646995700810","parah ngeduluin"
"17929362749000320","@adiradiva (2)"
"17974314292488305","HAHAHA thanks a lot loh kalian berdua 🤗 @senassee @adiradiva kerenn!"
"17915111186325150","@adiradiva ayo uppp"
"18281016790021995","@hutagalungpiki bener2 ye piki"
"18184595548085825","Keren banget kakak🙌"
"17920351751158827","Kerennnnn bossssthh"
"17983389142444140","@jutiiwaa_ Thank you 🙏"
"17896198100454764","Keren banget dah kawan aku👏"
"17910740600210623","@jennieclr22 Thank you 😅"
"17912778656203145","mangat jod🔥👏"
"18207501694119970","@fajarmuhammad713 siaap..nuhuun🤝"
"17878964393528584","Kok familiar liat foto nya wwwwww"
"17849220338693082","@m.farid_mahardika wkwk tau aja..🤫"
"17927790796875361","oiii gak boleh foto di situ jod.... 🙄"
"17912980244222198","semangat jody kuhhhhhhh 🔥🔥😂"
"17920093700117803","Itu fotonya di perusahaan apa jod?"
"18273101146023757","@muhammad_rasyidul_aulia wah iya Ul?tpi ini yang fotoin pak komandan 😂"
"17904002195509509","@harianingrumpuji siap ji🔥"
"18186816667156232","@athallahh19 wah, tempatnya rahasia Al.."
"17904306155277166","@jody_irwn wkwk siapa tu, @muhammad_irham99 iko jod😂"
"17935534948810070","@muhammad_rasyidul_aulia wkwk bukaan,,mana talok dia tu😂 pembimbing yg ambil foto"
"17933745562765554","hahha, yo lah tu jof"
"17984756887414470","Uang sakunya brpa bang?"
"18144128536236699","aku jg ka 🤚😃"
"17914006898094263","must keep going smp muntah2, luv meow😍"
"17963803717479460","Ehh Luluuu"
"17954830906566849","uhuyy"
"17921188376090568","Widihh"
"17902294232312405","SEMINGIT FLUFFTONS MEOW MEOW"
"17859970061660885","@faragnuraimsn hihihi <3"
"17946599002642476","@sylveronicaa WKWKWKW jgn buka kartu gt dong met"
"17887832720537846","@syfarrr hahaha ayo syff"
"17877660635609411","@aryanissa26 maaci aryanimasen,,"
"17904853928262449","@riantaathallah wadukhh"
"17872288979583503","@annisasony hurr"
"17856600614671176","Keren shim 🔥"
"17920178500988525","@mhdff8 bikin lah fif😄"
"18272390926052222","Madep simamang"
"17912502662322957","@adnusa nuhun mang"
"17946921757649800","🔥🔥 apik pisan"
"18174982432163741","@mufazahd thanks bro"
"17927647403412848","Goodluck 💚"
"18252661108075550","Semangat🔥🔥"
"17911505993133710","Mantap pak Eko 👍"
"17896677242516254","@a.sonna24_ Nuhun aa sona 🙌🙌"
"17973410434466337","@situeko Harus tetap mengeluh dan jangan pernah semangat pak Eko 🔥"
"18026516815326892","Wkwkwk tai lah captionnya"
"17949549817616283","@a.sonna24_ everyday, everynight, everymoment etamah sih :("
"17903919542504578","@ghi.azh itu hasil ga tidur 2 hari lohh :("
"17943935974673767","MAKASIH YAA EKO🥺🙌"
"17901123542431613","@kerenkezia12 siapp kak, kembali kasih kak Keren"
"17953169728602727","Karena caption anda sangat random saya beri nilai bintang 1🙏🏻⭐⭐"
"17964003973478897","@dyngnisa_ tapi itu bintangnya dua loh, apakah bonus??"
"17917762082145395","Oke saya kasih minus 👍@situeko"
"17906698781214700","@dyngnisa_ apakah anda seorang dosen? Emotnya sungguh mencerminkan sekali 👍"
"17923940224935778","Apakah bapak botak, apa delusi poto😮"
"17924104382011019","@vidz_garfield itu hanya fenomena anomali fatamorgana aja mbak vid 😂"
"17895186998399536","Yaa👍@situeko"
"17919198158018134","@dyngnisa_ ok 🙏"
"18157716079172253","😫😫😫😫😫"
"17843472944704756","Copas dimana nak eko captionnya😊"
"17921547722091342","@leorizky19 maaf kak lew, ini hasil jerih payah saya dan tim"
"17945699053639173","@situeko sukses selalu kak eko🙌"
"17952375721592799","ditunggu giveawaynya bang"
"17893467113523523","kereennn😍"
"17912923811213816","ampun bang jago"
"18274489921041722","Gipewei bang"
"18269862928029149","@kiki_arifai stay tune bang"
"18197626300122527","@yusdisti paling jago dah mba nya 🔥"
"17922411628956362","@anputar boong😢"
"17890577564481817","@elkanajee1 stay tune bang"
"17912959835273052","Yowwww. 🔥🔥"
"17952849529593659","❤️❤️🙏🙏✌👍👍"
"17926907695893997","Nasbung ?"
"18270357304044652","@maa.maddd aman"
"17919264458121638","Hai juga.....gmna kbar .??"
"18147909706239559","Like balik ya kak"
"17919936035069179","Mantap mantap keren"
"17931307018866848","@syahrul_dhan99 🔥🔥🔥"
"17927181899028794","@ahjayadi lanjutkan pak 🔥"
"17903556806377304","Heyy"
"17912774315323450","lov u bestie❤️"
"17866086305641692","Samasama, makasih juga banyak2🙌😁"
"18000054331386927","Heh nat"
"17946679948628964","@michaelchristian.s haa opo"
"17916521168170224","@natanaels7 wocooo grupp lehhh"
"17952268813604340","Wiii mantap ngab"
"17888505005491083","@tin.martin_444 mantap gus"
"17926618777965432","yok semangat"
"17904407456469167","@sumailkffn lah ga jadi ngitung?"
"17921855900078562","Wow data🔥"
"17982527182440326","Ini nih wkwk @ridzkyhanura"
"17905736771490758","@fikfnzaa_ apa bang wkwkwk"
"18271987945036000","Anzay"
"17848543481693426","ajarin MySQL dungs bosQ"
"17909498687170462","@saya.nanda gasss"
"17938852783776552","@andi_rafly792 yok daftar yok 😌"
"17913910664317085","Mantap mas 🙌"
"17876903594610609","Ekspresinya menandakan ..."
"17925293437991479","Hallo yusuf salam kenal ya.."
"17926783624965124","Laler menclok neng rel"
"18143381845239518","@rizalullah_muh_ km sp"
"18214078762111211","@waannn__ duit bulanan ga cair-cair😵"
"17938317916783194","@ibukkos_ lalel menclok nang lel"
"17955953011521090","Omoomo"
"17884746089555332","siap bang merdeka"
"17907492281187102","Itu tangannya ngasih kode apa ya?"
"17927660104856730","@jafaralf bang tips biar gak wuning"
"17864215223644202","@hana_mhasan cuan cuan cuan 🤑🤑"
"17933462791753004","Pangling"
"18013330339359975","@danang_satriawan tips memutihkan gigi yang kuning ada di channel ngaparin geming yagesya"
"17963248711478723","@fonilolitaagustin ottokee ottokee"
"18256634920068134","ngerii suhu 🙏"
"18179810269088554","@vikasyahptr iya aku ganteng kok makasii"
"17916055670146600","@adit_cahyono info pemecahan batu bara?"
"17906786483477623","@yusuftaufikhur ADRO, BUMI, ITMG,,,"
"18033275806319463","Ndi mullet e"
"17934564112842125","Senyum pep soden🙌"
"18209194222189329","Hallo"
"17937781744706492","@frlianglng salken sv"
"17902675406466068","@ahraffaa kodomo ae cek dadi teman baikmu"
"17923121690017922","@n.stoff poto pas jaman nom noman😅"
"17941200763706399","iku drijine lope lope nk sopo mas cop"
"17938723570752354","@rais_akbarr itu bukan lope kawan, itu kode buat pencairan fulus yg macett🤑😵"
"17911137866327841","P"
"18217007965101485","dah luan aja ni bg wkwk"
"17893322270410861","Sopo kuiii"
"17912269148206064","@roniwidodo334 pemeran figuran"
"17911371656267648","@hijrahtzamzah daripada kelupaan bang wkwk"
"17915660834164867","@rezazulfani salamnya orang atheis"
"18021590671338627","@baguspulunggono lebih ke pihang goheng sih mas kalo di daerah saya😢"
"18197257306133701","Mantab. Sukses terus broo🔥"
"17910296636324158","@ca.tris2 Aamiin。Terima Kasih ya。Nte Sukses juga y。。。"
"17905855592358802","@destadwihartanto OKE Bray 。。。Sugoiね。。。"
"17920592666082545","Alhamdulillah...sukses terus mas @riyan_sobirin_ 👍🙏"
"17938425268750358","@rotikopipopibu_sawahbaru Aamiin, Terima Kasih Banyak Bu Mita🙏 , Atas Bantuan waktu Skripsi saya, Syukur Alhamdullilah Saya bisa Lulus Sidang Skripsi dengan Nilai Terbaik 。。。"
"17905206365472819","@riyan_sobirin_ Masya Allah tabarokallah...👏🔥👍"
"17955265729563232","cangtip amatt😍"
"17885446946563018","wuhuuii mantep"
"18139445164222202","@nisavitrii ayo dilanjut demo nya"
"17882163401594657","keren banget bocil satu inii😩😩"
"17921295329081919","🔥🔥🔥"
"17913423905195890","kewrenn maksimal😍"
"17973621766474761","KEREENNN 😍😍😍😍😍😍 mana kmrn yg bilamg alma gabakal sukses eh 😋😋"
"17911204124326612","🔥🔥❤️"
"18245820427076550","@gitarania harus ditag ga si"
"17960128651496922","@raraimra ngawor wkwkw"
"17926394770985531","Tutor gratis sabi lah ya"
"17943662962671128","@raraimra @gitarania ayo tawuran aelah"
"18196174771133075","@vinkaas mylop guru tercinta :)"
"17882002625596031","@annisa194 gadibales sampe detik iki lo sama pembimbink qt :)"
"17993163631405096","@batarilp ngacaaa"
"17900527109425832","aaaaaa kereeeeen bgtt sipipp🥺❤"
"17891091659466670","gokiiiil🔥🔥"
"17915101004314077","@iqbalridho_ webinar mahal se jadie"
"17930648311818315","@nabilanurhdyt aaaa panutanquee 😍😍"
"17867793299633561","@salsabilakamilaa cillll 😘😘😘🔥"
"17953837486573875","Semangat"
"17895950750343900","Mantap om bos👍🏻👍🏻👍🏻"
"17927561410855196","Proud of you bro....👏"
"17945452426656546","Aktipepollllll"
"17870446565592998","Gewlaaaa🔥"
"17914639307091755","Itu mirip tanganku yg dibelakang😂"
"18207738334187890","@elli.19_ Tangannya kembar identik yak 😂"
"18274879138049489","Hooh itu aku 😂"
"17906070818357926","Anzayy keren bgt brodii"
"17923981601057097","@fnfau batir, aku pengin dolannnn"
"17881341128600794","@jofiaal 🔥 terbang bareng kuy"
"17999972122376748","@rrayyy16 tengs, semoga bisa ke Jepang barengggg #gajelas 😂"
"17988832846417731","@mufazahd aamiin, aku ikut dong bareng"
"17991317650413665","@mufazahd me too :("
"17879832581608081","You're most welcome dik @mufazahd keep the spirit ya, hwaiting 🔥🔥🔥🔥"
"18196732567179103","Selamat untukmu ,semoga lancar dan slk di mudahkan oleh Allah dalam setiap usahamu Aamiin 🤲"
"17904665078249037","Ngueriii"
"17922571382044490","🙌"
"17928572266941147","@priatamaandi_ ngeriaaan awm dong hey 🤧"
"17943632275726726","@ongky.suherman.heng Alooo reminder kelas 🤣"
"17954478505573109","Uuuuuuuuwww😍"
"17954682280570838","@nindaea mbaaak niin 🤩"
"17929928251928460","Wohooo🔥🔥"
"18205784728185054","woohoo akhirnya selesai yaa 🔥😍"
"17893235048432058","@nurulfaazh lega banget ya rul 🤣"
"17912794205277373","@shellasagita ayo shela ditunggu unggahannya 🔥🔥🔥"
"18263491663065879","😍"
"17932613428783715","@nissamrcll nisaaa 🤩"
"18219209725096346","Semoga sukses selalu Dwi 🙏"
"17870697089618628","Keren bgt!!!"
"17945417899654379","@mahaning_wijaya Aamiin. Begitupun Ibu dan keluarga."
"17895996623354195","Mangsteup wii"
"17916019508168244","👍"
"17939987314794422","semesester 3 bisa daftar tidak kak ?"
"18117749263264174","Udahhh ga sabar 😍😍"
"18184520695087919","@rahmanita.auliya minimal semester 5 pada saat program studi independen dimulai kak 😁 -m"
"17890522715492163","@maribelajar_id kak, pengumuman nya kapan ya kak? Apakah ada tes nya ya setelaj mendaftar?"
"17879775650611532","Untuk yg MET, ada syarat spek laptopnya tidak? Dan software juga ... soalnya saya baca disitu kita belajar office 365. Sedangkan di saya ga ada 365 ka😂"
"18038009488316296","Halo ka apa pendaftaran sudah ditutup ya? Aku mau coba daftar barusan ga bisa :("
"17898875432357343","Apakah untuk learning track Intelligence Cloud Track materinya sama dengan Data & AI di Batch 1? Atau yg batch 2 ini lebih advance?"
"18182956468091574","Kapan pengumuman nya ya?"
"17886900749578025","Jadwal pembelajarannya jambrpa aja ya min?"
"17927552045006105","@maribelajar_id setiap pathway/learning track yang ada dapat berapa sertifikasi ya min? Terimakasih"
"17954100175607974","Untuk learning track modern educator track apakah harus memiliki laptop dengan spesifikasi tertentu?"
"17961753586544625","@my.nameis.22 minimal office 2019 kak"
"17888334041577728","Min boleh menjelaskan mengenai logo certification  modern worker track ?"
"17878360574621507","Hai kak min aku udah acc SI Information Worker Track di aku MBKM aku selanjutnya apaya kak min?"
"17897584274520429","@ndahayps sama"
"17854879424673295","@vidaoliviaprimadhany aku nitip ya,soanya sama kendalanyaa.. Aku udh acc jga tpi blm tau info selanjutnya seperti apa"
"17995551001407155","@pritioktav iya hayuk kita up sampe kak min tanggapin😊"
"18160301008207557","@maribelajar_id office 2016 gk bisa dong kak😢"
"17869614458642943","@theresya.drstn bantu jawab, bisa install aja banyak kok tutor di ytb"
"17938776160845392","@ynhhdh takut bajakan 😢"
"17927130730923464","@theresya.drstn syedih kitaa😢"
"17906113130300403","@ynhhdh office saya luarannya tulisan 2016 tapi karena punya akun office 365 bisa jadi 365 officenyaa"
"18030821731335593","@vidaoliviaprimadhany nitip"
"17960862511508983","Kak mau tanya kalo ICT itu spesifikasi laptopnya bagaimana ya kak? Soalnya punya saya yang model lama"
"17949627574644133","@kaxjyone yuk up yuk😂🙌"
"18190097275197959","Kak mau tanya kalo ICT itu spesifikasi laptopnya bagaimana ya kak? Soalnya punya saya yang model lama"
"17915620823331394","@vidaoliviaprimadhany nitip juga gez"
"18121648627257370","@maribelajar_id untuk yg IWT sama juga kah min, minimal 2019? Jawab yaa, besok hari terakhir untuk terima apa enggak program nya"
"17987648812435489","@pritioktav halo kak, mau tanya. Apa udah ada kabar setelah acc harus ngapain?"
"17936752228771072","@viniesm hallo,bisa dm aja yaa"
"17920765931184075","❤️🔥🙌"
"17914269035168622","🔥🔥🔥🔥🔥🔥"
"18266545747070322","Mau tnya min utk SPTJM itu bgian wkil direktur kemahasiswaan mksdnya wakil rektor atau wakil dekan?"
"18079955503293202","Yeay!🔥🔥🔥"
"17900490806383389","@afradillah77 Hi kak, dapat ditanda tangani oleh pihak level universitas kak, misalnya wakil rektor."
"17939253211847654","@maribelajar_id apakah bisa keringanan wakil dekan sj min? Soalnya kalau warek susah lumayan susah ditemui dan ini udh ddline 5 Februari batas up berkasnya"
"17856510764666953","@maribelajar_id untuk periode kegiatan kontrak apakah sudah bisa dimasukkan sekarang min? ( 7 Feb - 24 Juni)"
"17927692649039419","@fraa5129 iyaa benar banget, jadi was2"
"17981556631459716","@maribelajar_id Permisi kak. Apakah surat rekomendasinya harus ditandatangani Kaprodi atau boleh Dekan Fakultas saja? Mohon konfirmasinya. Terima kasih😊🙏"
"17938818871868112","Min mau tanya, boleh minta silabus/capaian perprogramnya tidak min?"
"17947820257725378","@yggmf hi kak, boleh. Besok akan kami bagikan di kelas virtual ya. Thanks"
"17969117464482559","@ratnatiara_tq hi kak, boleh"
"17923113572141665","@kvn_hi95 hi kak, terkait permasalahan ini bisa langsng menghubungi kampus merdeka via tawk.to (pop up chat) yang ada di platform ya, sembari kami akan sampaikan permasalahan ini ke kampus merdeka. Thanks"
"18275763709026758","@maribelajar_id Baik Kak.. terimakasih🙌"
"18124027759267221","Min kalau mau nonton ulang Onboarding yang tadi dimana ya?"
"18281145454027233","@maribelajar_id mau nanya min, untuk pengumuman lolos nya kapan ya?,, Soalnya saya udah lama daftar tapi masih keterangan Masih dalam seleksi"
"17928650705062347","Halo ka, izin bertanya mengenai PIC kampus itu untuk keperluan apa ya ? apakah untuk konfirmasi mengenai konversi sks? ataukah hal lainnya?"
"18268443661067246","@wildahtrianaa hi kak, ini dilakukan utk pengiriman progress belajar mhasiswa. Shg dpt termonitoring dg baik oleh kampus. Thanks"
"18187030162089725","@maribelajar_id Mohon maaf kak, izin bertanya bagaimana melihat nama, email, dan nomor hp dari PIC kampus kita? Atau teman-teman disini ada tahu caranya? Terimakasih"
"17937767173812648","😍😍"
"17955242542560568","@vnstania ❤️❤️"
"17926660792891949","♥️♥️"
"17883738740564660","Gilak gilak gakuat anak kentang sibuk banget"
"17872240556580544","@syaarahnf ❤️❤️"
"17922043733085204","@hanahan13 aduh aduh gimana ya wkwk"
"17872363499587943","You're most welcome dik 😍 tetap semangat dan sukses selalu ya 🔥🔥"
"17916899582310923","Registrasinya sampai kapan ya kak?"
"17926703902996039","Sistem konversi SKS nya bagaimana ya kak? Apakah bisa konversinya tidak full 20 sks?"
"17937515065834577","Surat rekomendasi apakah harus dilampirkan skrg atau menunggu tawaran lolos kak?"
"17908085858222676","Min mau bertanya, untuk batch 2 kali ini tidak dapat uang saku ya min untuk program studi independen ini? Terimakasih @maribelajar_id"
"17926996096992661","Minimal semester brapa min"
"17877901643546700","@fajaraugusta_ minimal semester 5 saat program studi independen dimulai kak 😁 -m"
"17917500521182066","@still.coolyah sampai tanggal 14 Januari 2022, segera daftarkan dirimu ya 😉 -m"
"17917937591179806","Min, kalau daftar lebih dari 1 kegiatan di maribelajar boleh tidak ya?"
"17905160693293690","@maribelajar_id siaap kak"
"17842702391718823","min, buat belajarnya nanti tiap hari apa dan tiap harinya dari jam berapa sampai jam berapa?"
"17960116237549344","Pengumumannya kapan kak?"
"17896477751406383","Min ini langsung apply tanpa test dulu?"
"18198209338182005","Selamat malam kak, mohon maaf mengganggu. Saya mau membuka link format surat pernyataan tanggung jawab mutlak mahasiswa tetapi isinya susah dihapus dan tidak tersedia. Saya harap mendapatkan link baru, soalnya sudah dekat tanggal 5. Terima kasih."
"18226993540232291","🙌🏼"
"17998581514991827","Waaaaa,kewrennnn🔥❤️"
"18011811616759651","Keyennnn banget 🙌🏻❤‍🔥"
"18302429221128848","Cemunguuut"
"18230221396215778","@bupatimanchesteru 😁"
"17998350113066748","@sansanparwati___ hihi timaaci 🥰"
"18017786467663034","@kakaibl_ hihi timaaci 💞"
"17983559927114275","@thisintaants hihi timaaci tteh🥰, semangat jugaa"
"17915792030234894","Kalau masih sudah daftra karena baru daftar kemarin apakah memang belum ya?"
"17843717198716717","@syayafa bisa di cek email secara berkala kak"
"18220499815098101","Izin bertanya min, seminggu berapa kali kelas ya?"
"18276082435031690","Izin bertanya min saya sudah mengikuti pretest dari hari selasa tetapi sampek hari jumat ini blom dapat notifikasi lagi ya mohon pencerahan nya min🙏"
"17907965165289292","Izin bertanya min, apakah belum ada pengumuman hasil kelulusan yah min? Terimakasih sebelumnya"
"18004780987391759","Selamat malam kak, mohon maaf mengganggu. Saya mau membuka link format surat pernyataan tanggung jawab mutlak mahasiswa tetapi isinya susah dihapus dan tidak tersedia. Saya harap mendapatkan link baru, soalnya sudah dekat tanggal 5. Terima kasih."
"17917144865221230","semangatttt bertumbuhh lovee❤️🌻🌻"
"17922039635034257","Sanggarr rek"
"17876537156578690","@nia.riaptr koncomu sok merendah tolong, ramampu aku @yusuf_anggi04"
"17858917427652549","@ekapuputp tumbuh keatas masih bisa gak?"
"18123678064254526","@kesayangannmuuuuu setengah buat kamu😂🔥"
"17956815538588229","@nia.riaptr opo meneh aku gak mampu poll"
"17955083497608628","Ampun para suhu @lala_ln27 @yusuf_anggi04"
"17857042232659743","Sumpaaa ketrimo neng miscrosoft la?"
"17966163343524022","@agyataaaa heem filan"
"17898831677395537","@nia.riaptr salam dari binjai😂"
"17879648609597555","I'm so proud of u ❤️"
"17924963707996941","@mandaroo12 😍"
"18209554153113459","Sisssss ❤️"
"17936809252810322","awww 🔥🔥🔥❤️❤️❤️"
"17972034064482346","AAAAAAAAA KEREN BANGET BESTIE👏👏👏"
"17945512366634822","@dawasssss //dadah dadah 💃"
"17933033416857481","@xotiasxo 🐣🐣"
"17872182635621252","cangtiip 😍😍😍"
"17938230976753443","@aprilianrlaz hihihihihi😍"
"17921729153064843","@deel_lla //jadi maloe🙈"
"17905481090350822","@lemniscatic_ wkwkwk, u ga mau ketemu i kak :v"
"17935206425138684","@talitha.azal aamiin, tengkyu sus"
"17951364469973225","Inspiringg polll 🔥❤️"
"18223664704183925","@azzahraski hadu masyaallah dikomen sm yg lebih gacor kesibukannya"
"17916651110447988","❤️"
"17948362592020814","@anazarrrrr ❤️🙌"
"17977237757561260","Hey lovely We were scrolling through and think you’re absolutely gorgeous 😍 Dm us we’d love to collab!"
"18170497186170562","🔥"
"17878249436972233","Kpn ad lagi"
"18018112567867060","@doni.indraaa hi kak tunggu postingan kami selanjutnya ya, turn on notifications agar tidak terlewat 😉"
"17941012952584749","wah keren banget aku jadi pengen daftar lagi deh"
"17859288719870764","@sndpf_ What Language is it??"
"17970812600070750","Hallo Kak, apakah boleh tahap seleksinya apa saja dan jadwal pembelajarannya? 😊"
"18198922057227323","Hi kak, utk tahapan seleksinya meliputi seleksi administrasi > dilanjutkan dengan pretest (pengetahuan dasar dan sejumlah pernyataan mengenai softskill and plan for future) > pengumuman. Untuk jadwalnya belum ada kak, namun prinsipnya pelaksanaannya hampir sama persis dg perkuliahan, ada UTS dan UAS, mengingat program ini dapat mnggantikan aktivitas perkuliahan selama satu semester dan dapat dikonversi menjadi 20 sks. Terima kasih"
"17961370271332325","Hallo kak, apakah bisa dilakukan sambil kuliah, karna aku mash ada 1 matkul yang wajib diambil :')"
"17871142124787059","@hunt_std hi dear, apabila masih ada matkul yang wajib di ambil diperbolehkan. Dengan catatan masih ada sks untuk dikonversi 😉"
"17988599143741481","@bint_s06 Hi kak, utk pendaftaran dibuka s.d 27 Januari 2023. Saran kami dapat segera mendaftarkan diri agar dapat mengikuti seleksi tahap 1 lebih awal. Terima kasih"
"18334757656006312","Kak, apakah ada perpanjangan pendaftaran?"
"17871279533638408","semangattt 🔥"
"17906055566311471","@kristi_ssanti ikut gak mbakk?"
"17940569152837316","mangatsee kakak❤️😍"
"18023776303323695","@shahnazsetia aduh makasih kaka. Oleh-oleh keliling jabar kok gak sampek rumah saya ya kak?"
"17904983897453403","wuhuuuw mangats aqsaaa!"
"18190990312159693","@devianrrr depi kangen:("
"17957273224603242","KOK AKU RA DI TAG SIH 🤬🤬🤬"
"18011494489373450","KOK AKU RA DI TAG SIH 🤬🤬🤬"
"17892278582494657","Buguluuu"
"17843359283722363","@vosmeyoves nesu nesu terus, semaput meneh kwe ngko😌"
"17909209265507517","@fkrstuv apaan sih kok saya malu di komen anda pak😂"
"18333950584002254","Min. Yang lowongan kmren kog belum di proses ya... Kalau nggak di terima, tolong di tolak aja, soalnya mau ngedit di bagian ijazah"
"17857248791866177","Si paling jago ini mahh🤏🏻"
"17958744266213200","Widihhh edan bat dah💀"
"17915570342657791","@apa_lu_liat_akun_gw_bro apa nich brow wkwkw"
"18038817841409658","@erlindanurii haha masih jauh dri kata jago er"
"17970115619042693","Akhirnya lulus yaa gais wkwk"
"17976372907814145","bingung kak"
"17969524160054528","Infoo dek"
"17937440540568390","hamdalahh ga sambat lg wkwk"
"18197552563233314","gas ngipik kak"
"17951952278371821","adekmuaa"
"17949732974244305","Uda ga begadang lagi yaa zaaa wkwk"
"17937304517575597","mantapp jolszzz"
"17887956341758644","yok daftarr"
"17890841111752475","kalo itu tetep mba😭🤣"
"17900077847709707","ya Allah cantike seee masyaAllah"
"17882024720728094","aamiin, makasii tp km jg cantik kak"
"17980786676515546","😍"
"17934580477816317","ROGER Epic Skin"
"17944113055665368","@ronaldoslbn M3lah masa Epic"
"17917032926318794","@surya.sihite99 terlalu jelek M3🤣🤣"
"17930247148950410","@ronaldoslbn  @official.moonton"
"17934291601922866","Keren"
"18285503215054903","uwiii 👏👏"
"17938117138852655","Keren kalii🙌"
"17977365013467772","Mantap🔥"
"17854730465692372","Abangg kita ni ah @ciciliasinaga 🔥🔥"
"17923395022993905","Keren abiss jo"
"18000839260392483","Eakkk🔥"
"18110970121274552","Kalo dapat gopaynya, bagi aku ya @surya.sihite99"
"17927121806048264","Akhirnya ini go public ya Jo kwkw mantapss"
"17957382610586080","seram abang ini 🔥"
"17910329045343792","Behhh🔥🙌"
"17875514894583270","@dortaviasiburian bihhh😂"
"17961428548519284","@usy_smrg lebih seram abg""mu :v"
"18162519004206457","@shynta.purba iya jo, wkwkwk"
"18151339141215851","@rosmelindasigalingging apasih, sksd :v"
"17945262472693298","@hom_panjaitan idodaa le"
"17947674355727070","@sintia_gintingg eakk"
"17924496505980970","@febry.29 kutunggu cair ya dek :v"
"17933210665931161","@jelitahtst 🔥"
"18009979861373747","@ester_simanullang29 🔥"
"17913720116157965","@enjelinalestaris 🔥"
"17922607673122343","@riodamanik7 🔥"
"17906765387287632","@febry.29 ga lengka2 aww❤️"
"18044011639311508","@ciciliasinaga wajibb :v"
"17915205689124545","@surya.sihite99 wkwkw macam zenitsu, tidur tidur keren aje🔥"
"17898488162403638","@usy_smrg inosuke gk kalah keren, bisa masuk lubang tikus, gaya ulok dibaen wkwkw"
"17882753375525966","@surya.sihite99 haha kau kan ulok juga😢😂"
"18277801867030069","Cuan cuan 💰💰"
"17946580225685091","🙌"
"17903548520326085","Bg hite ini boz senggol dong🔥"
"17936303170777380","Tbl tbl ganteng bgtttt 😍😍😍"
"17926386593431294","Alhamdulilah berkah ilmu nya ayanggg 😍❤️"
"17933001743502709","Keren pisan 🔥👏"
"17938290914209069","Love banyak banyak buat rizkaaa, makasihh banyakkkk ❤️❤️"
"17964048763751603","Congrats rizka berkah ilmu dan gelarnya"
"18008706286439483","punten msib batch 1 numpang lewat"
"17923815965521797","@awhof permisi kang"
"18019674970397905","@fakhrinuralam alhamdulillah, aamiin"
"17910492614599549","@sndiana17 ❤️❤️❤️❤️❤️"
"18172835005232710","@aldooo29 alhamdulillah, aamiin ayaaaaaaaanggggggggg❤️❤️"
"17921880527521694","@dhiafauziahapra makasi, aamiin aamiin😍"
"17947304273091424","wahhh congratss rizka,Alhamdulillah semoga bermanfaat ya ilmunya🔥🔥🔥"
"17941805117177197","@rapl1_ aamiin aamiin thankyou apiii🔥"
"17899089659563411","Makasiii buat 5 bulan inii kaaa 🤗"
"17889198938667990","Congrats rizkaa, makasih udah mau temenan dan bantuin akuu😍"
"17967928981702340","@hi_naell luv yaa❤️❤️"
"17947321342726243","ganteng banget lochhhh"
"17844011276718478","@auliarpratiwi makasih 🙌🙌"
"17855232065685581","Aduduhhhhh"
"18177739408167036","congrats pakk"
"17881674191532292","@iranandasyah_ makasih wulan 🔥🔥"
"18143228683221886","bismillah aamiin 🙌"
"18190028059154793","@hendrynm amiin 🙏🙏"
"18110894488282444","Faisulll"
"17919389162070513","@fajekrina fajeeeeek ya ampun kangen 🙌🙌"
"17860582250673607","@faisaldp._ wkwkwk ikut studi ta magang sul ?"
"18195025012146612","@fajekrina studi aku jek"
"17986735324440856","@faisaldp._ oalah"
"17956979368511639","Mantap 👍🏼👍🏼👍🏼"
"18007903798846100","Semangat✨️"
"17946942629549412","@rd_fakhri tencuuu💙"
"17865535004932401","mangatt tarisaa"
"18015917341731573","@sheeiiillaa Makaasii Sheilaa💙 kamuu jugaa"
"17941548956678815","Asikk diambil juga offeringnya, mangatt!!"
"18301473526105983","@risataaa terimaaakasiii teeh💙💙hwaitingg juga 😂"
"18227488804214944","Ididiidid congratulations hahaha"
"18231550777174901","@arifudin_syah ditunggu twibonnya😌😌"
"18021500782619841","🔥"
"18003027916924389","Wow,,Semangat tarr 🙌💪"
"17977228094223008","@piyak_piyak__ waaa iyaa terimakaacii💙💙"
"18278712208176816","@ikbalghajali10 ☄️"
"18006889753845600","congratsss tarrrr🤩💘"
"18038051683514089","@ipatfatmawatii_ makaasiii Ipaat💙💙"
"17961237479480516","@ephemeralsoobad_ sekarang apa tarr ?"
"17968745906582627","@ikbalghajali10 besok ajalah"
"17994168472971725","@anggieslstya makaaasii Anggie💙"
"18379231570031130","@ephemeralsoobad_ kenapa Komen woy wkwkkw"
"17864035805979636","@arifudin_syah u also comment in here brooo🥸"
"17903418209281034","👏👏"
"17944718404656885","🔥🔥"
"18007648705371250","bangganya aku"
"17859603638660000","Mantaap kereen"
"17902950386432683","@m_syamsu_rizal Alhamdulillah, 😂"
"17959794853543857","go off king👍🏻"
"17916907895169505","Mantap kii"
"17907406310208823","Congrats 👏👏👍👍👌👌😍😍💐💐"
"18211189918116873","👏👏👏"
"17918083010524786","Min kok komennya dilimit min @ vibicloud"
"17934855635258014","Pertamax pertamaxx"
"18007607237044339","ngeri narsumnya ini ❤️🔥"
"17948360162609986","@fitasukiyani mantaaap kan kak, jangan lupa hadirr 🥰🥰❤️🔥"
"17973437665467573","Proudd🔥 keren yahayy!"
"17913054794277839","@aramdhani24 tengkyuuu nisaa🔥"
"17871955358735978","semoga lolos🙌🙌"
"18221801020151818","@nurullfd_ sudah ada pengumuman ?"
"18209091001085847","@sitirosyadahnurlia apakah sudah ada kak?"
"17882187713648739","@sndpf_ belum kak, sepertinya saya belum lolos. Soalnya yg lolos sudah dapet email"
"17885627801689426","@sitirosyadahnurlia berapa hari emangnya setelah tes pengumannya"
"17986837693545650","@sndpf_ aku tes tgl 23"
"17933431070231155","Permisi , untuk yg sudah lolos apa ad grup chat atau semacam nya?"
"17958586891903125","@ndina_wt bantu jawab. belum ada kak."
"18063005422316608","@inesuci10 terimakasih infony"
"17853196421781356","@ndina_wt mau nanya kak. kalo kita lolos apa kita harus buat rekening?"
"18204475735166908","@ndina_wt halo kak mau tanya, kaka lolos di program studi independen yang mana kak kalo boleh tau?"
"17942922722228360","Info selanjutnya buat yg lolos gimana ya kakk"
"18011622784433156","parah bngt.. padahal udah milih ini tapi tiba tiba dikurangin.. gimana pertanggungjawaban nya? kita sudah menolak tmpt lain tapi knpa tbtb dikurangin setelah dinyatakan lolos???"
"17941408214085938","@hy.haaan sama kita kak ;("
"17977427479577799","#REPORTMARIBELAJAR"
"17851701290797662","@sndpf_ REPORTTTT SANGAT MENYUSAHKAN"
"17990867068515723","Parahh bgtttt iniii"
"18208083865091676","Hi admin,
Saya sedih dan kecewa dengan adanya pengurangan kuota ini. Saya sudah menolak tawaran lain dan sudah mengisi krs😭😭😭
Aku harap pengumuman ini dibatalkan dan menggunakan kembali rencana awal 😭😭
Terima kasih"
"17885213315693903","mohon di jawab. bagaimana ya ini jadinya yg udah lolos trs tbtb ga lolos itu jadi apa engga ya?"
"17974709908629173","ada yg udah lolos gak??"
"17863468451771227","@sitirosyadahnurlia lolos gak kak?"
"17875745054726515","@ariizky13 belum rezekinya kak😁"
"18209099437093500","@umamiiiiii_ izin tanya ka dapet email lolos nya waktu kapan ya?"
"17899800503584629","@sopia.ulum kak tesnya tanggal berapa?"
"18228481513120017","@yunita.nuf tanggal 23 Juli ka, sampe sekarang belum ada info"
"18185934628171869","@sopia.ulum aku kemarin tanggal 2 Agustus kak, blum ada info juga"
"17919433862542002","Pagi min, saya belum menerima email masuk, Telegram. Mengapa ya min? Saya sudah mengisi Formulir LOA"
"18042770998363700","Ijin bertanya, kan kemarin tanggal 9 sudah mengisi LoA dan survey kebhinekaan. Lalu untuk pengumuman selanjutnya apakah sudah ada?"
"17967861613794941","Hallo min @maribelajar_id izin bertanya bagi mahasiswa yang sudah lolos apakah tidak digabungkan dalam 1 grup?? Karna program sudah mulai berjalan hari ini. Namun tidak ada arahan yang didapat. Mohon dibalas yaa"
"17921138528451241","Halo admin @maribelajar_id , untuk program studi idependen cloud administrator apakah tidak ada grub tele/wa/ms team nya? Di akun kampus merdeka saya seharusnya ini sudah mulai kegiatan, jadi buat laporan harian saya hari ini bagaimana? Coba chat wa ga dibales😔"
"17932840514458246","Ini maribelajar kok ga ada respon, lari dari tanggung jawab apa gimana sih. Kalau ga niat ikut program kampusmerdeka mending gausah join dari awal. Kasian loh ini mahasiswa digantungin"
"17963850208869999","siang admin @maribelajar_id ini untuk yang sudah lolos studi independen microsoft application maker apakah tidak ada grup untuk diberikan informasi?"
"17938126235164348","@chandra_rmdhni sama, data analist ada grup nya ga ya"
"17953907126054842","@viviaryska aku juga lolos di data analyst dan AI kak, tapi kok gk ada kelanjutannya ya"
"17911310780612105","@pinkilaila mungkin tunggu email aja ya, dm juga belum dibales"
"18056706667333362","Sama, hari ini juga belum ada info di email padahal harus nya hari ini sudah mulai di data analytic"
"17941775651103185","@unikwln_ hai dear, sudah cek email? Baru saja kami kirimkan informasi terbaru 😉"
"17844050003832069","@riskiwulandariputri hai dear, informasi grup sudah ada di email ya, mohon di cek 😉"
"17872814684699015","@halcyon.mira hai dear mohon cek email, kami sudah kirimkan informasi terbaru 😉"
"17964848986732204","@chandra_rmdhni hallo dear, mohon segera meluncur ke email sudah kami kirimkan id untuk masuk grup 😉"
"17934057551463254","@afridagea hallo kak program hari ini yaitu on boarding nasional, cek email untuk informasi lainnya 😉"
"17920929062460879","Yang keterima siapa ya🙌. khusus nya program data analyst"
"18004965136462019","@aidaaa.52 lagi nyari temen se program hehe"
"17969775331741809","@aidaaa.52 akuu data analysts"
"17980332940612885","Hari ini harusnya mulai yang data analyst dan AI, tapi kok belum ada info yaa"
"17842356017838114","@aidaaa.52 akuuu"
"17923517441400137","@maribelajar_id  mau nanya untuk lihat jadwal belajar dan jam nya gimana ya?.. untuk cycle batch 3"
"17902873583562147","Halo min, apakah sudah ada info terkait pelaksanaan program studi independen jalur data analysts dan AI karena hari ini saya belum mendapat kiriman email terkait pelaksanaan program"
"17924182322396726","kak apakah tidak ada Twibbon Selebrasi MBKM CYCLE 3 SIB yah? spt mitra lain🙏🏻"
"18011319685443590","Untuk pengumuman cycle batch 3 program cloud administrator apakah sudah ada pengumuman? Karena sampai detik ini saya tidak mendapatkan email apapun. Mohon informasinya @maribelajar_id 🙏"
"17906030942469283","Thankyouu Havid, sukses selalu yaa🙌🔥"
"18258273676068990","Kuereenn ee... 👏👏👏 Bagi ilmu 😊"
"17943520852728113","@kerenkezia12 sama sama mba, sukses selalu juga buat mba keren 🔥"
"17939832286752489","@_anisizza ayok lah gass"
"17999493907389574","Keren 👍 jngn lupa bagi ilmu ke adik kelas nya"
"18216590767111739","Mantap mas, sukses selalu mas @havid_za"
"17946863869642633","Kyaa keren mas havid 👏"
"17945842267657020","Keren mas hafid...tetap semangat ya"
"17985115477428758","@f_ahmad.26 siap pak"
"18260884444068287","@aritovarizki_ siap ri suwun"
"17929010380858909","@riski_kukuh kyaa dikomen mastah. Suwun ris 👏"
"17939053222829324","@ima.d.sukmawati.7 siap bulik 🔥"
"17925737456087923","Idiw kewrennnnnnnnn"
"17977281016469561","@_pujilestarii1 mohon doa restunya 😅"
"17891135189535926","WAAAH KEREN BGTT KAKAKKK. TIPS TRICKNYA DONGGG BIAR KETERIMAAAA😍😍😍😍😍"
"17936674702772263","Produktif bgt kakaaa 😍😍"
"17895610595465179","@zzefanyadw tips nya temenan sama kamu biar termotivasi 🔥🤩"
"18122755528248081","@maghfirahhan Alhamdulillah samaan kan fir 🤫"
"17896095839449932","@vettapril_ adoh padahal kak veta yang lebih memotivasi🥰"
"17933261710930094","Bismillah nyusul"
"17876963084572369","@carissarhy bismillah bisa 😍🔥❤️"
"17919607082314542","Josss vet 🔥"
"17877504368569752","@budi_sts ni yg komen juga mantep bat niii wkwk🔥"
"17978996467435480","terosss terosssss"
"17911209224479871","@maskidi_ nabrak dong terus terus 😌"
"17865599762654071","Uwiiiiih semangaat jangan kasih kendor dindah😍"
"17942864455762228","Dinda hbs ini jgn tambah marah2 y, MANGAT 😍"
"18280658470047829","Ihiyyy. Semangat Bu guru<3"
"18184590994083807","Hee panglipuran"
"17934435160919481","@ochorpn wkwkwk Makasih kak ocho, Semangat juga Magangnyaaa🥰"
"18112841545263881","@srioktavnlaila WKWKWK ampun kak"
"17925904805039732","@tiarra_dewi Weeeh Makasih Tiara, u too..."
"17928738382996463","@zahri_nnaz wkwk betul sekali pemirsaa"
"17920848422156355","Yuhuuu cemunguts dindaa😍"
"18269504431065138","@dwiiwahyu9_ Maaci dwi, U too.."
"17920677695158278","Alhamdulillah bapak bangga part 2👏"
"18111525895277175","@mevitanisyaa HAHAHA mari bersama-sama membanggakan bapak"
"17957566846581277","Alhamdulillah, selamat dindaa😍"
"18144845803223213","Selamat dan semangattt din!🤗✨"
"17946265864683712","@septaauliaa Thank You septaaa"
"17963299369536519","@elsa_aip Maaci aip❤"
"17993517145412528","Duhh ngerii, semangaaatt😍🔥"
"17911826762482366","@alfinasyntiaas wkwkwk Thank You piin😍"
"17898440753401211","asikk, mangatt kak 🥰🔥"
"17877477155568166","@muhimmaaaah wkwkwk ayoo kak ditunggu nih twibbon KM nyaa"
"17958747280576649","semangat qaqa🙌"
"17915813675200898","semangat😍😍"
"17957305300537401","@macchiatong_ Makasiih kak wkwkwk"
"18020395774354825","@tffnia31_ wkkwk thank youuu"
"17888628914508630","Ngerii suhu🙌"
"18277830877019836","Mantep banget🙌, semangat lurr🔥🔥"
"17933621302912372","Keren bgt"
"17925395114095183","kijang satu, lari!!!"
"17906491256288071","Mantap ngko lek bayaran traktiran yud😂😂😂😂"
"17895592760463325","Mantapp keren banget temenku niiih🔥🔥"
"18036992467319240","Wihhh siap siap siap🔥"
"17897912510405179","@difaishak__ siap bu petarung"
"17956114498594410","@dindafaranita baru tau ya kak?wkwk"
"18018551815336333","@mrjrezh kijang Dua, segera merapat makan gado2"
"17930037958887465","@sti.glo Masih kalah keren sama kak stiglo"
"17899640342380500","@anaari09 makasih. Semangat jg cikgu"
"18276892210038066","@fikri_rusli10 soto rampal 😂"
"17959908175520457","Wihhhhhhhh"
"17923611593117047","@imah_makatita alo cikguu"
"17941599349794482","Mantap bro Yudha, semngat yo bro💪💪"
"17949926419631841","Jan ndak umum 🔥🔥🔥"
"18278102254021488","@fikri_rusli10 @dityayudha_ soto ae  wkwkw"
"17917440842081425","@keziatimbalo weehh sist kezia. Semangat jg SI nya sist"
"18212964298114376","@andy_rynt mosok seh lurr😂"
"18197686738180837","@andy_rynt masuk yo bro sotone -fikri"
"18183575908088888","@dityayudha_ gas gas gas gas gas😂😂"
"17880037610549564","@dityayudha_ aku ikut yoo wkwkwk😂😂 pengen rsa soto rampal mbk2 ayu😂😂"
"17922991019064035","Lanjut ke komen maafken caption yang sangat panjang lebar kali tinggi ini🙏"
"18093068077303262","Dan terakhir  terima kasih kepada dospem saya bunda hesty, kampus ULM, serta prodi, kepada keluarga, dan teman teman terdekat saya atas asupan support semangat, pengertiannya dan bantuan selama saya mengikuti program SI ini🙏"
"17923176272070081","Mutiiiiiiiiiii akhirnya yaaa 😍"
"17952774775587372","@nurinjaniiiii akhirnya  terlewatin alhamdulillah😍"
