,text_bersih
0,Min mau tanya email mari belajar kok ke logout login lagi ngak bisa kenapa ya minmohon informasinya
1,Hi kak rizkymutiara86 benar akun maribelajar sudah kami non aktifkan beberapa waktu yang lalu
2,maribelajarid baiklah lalu untuk file2 yang kami simpan di situ bagaimana ya min masih ada sertif yamg belum terunduh soalnya tidak ada pemberitahuan akan di nonaktifkan apakah bisa di bantu
3,rizkymutiara86 hi kak mohon periksa dm kami terkait sertifikat bisa diunduh tanpa harus signin terlebih dahulu
4,Untuk Mahasiswa apakah boleh ikut
5,Hi kak irvanm diperbolehkan
6,Berbayar atau gratis kak
7,jrmatheos gratis kak 
8,Uang saku yang tertulis 12juta perbulan berubah menjadi 400ribu ya perbulan
9,awesomevideosid hallo kak jangan lupa untuk ikuti penjelasan terkait uang saku besok yaa 
10,httpstwittercombiayswifestatus1504800460481335296t2kx0enoO8EM4Dxr9nJExvQs19 Review dari batch 2 untuk mari belajar
11,
12,semesester 3 bisa daftar tidak kak 
13,Udahhh ga sabar 
14,rahmanitaauliya minimal semester 5 pada saat program studi independen dimulai kak  m
15,maribelajarid kak pengumuman nya kapan ya kak Apakah ada tes nya ya setelaj mendaftar
16,Untuk yg MET ada syarat spek laptopnya tidak Dan software juga  soalnya saya baca disitu kita belajar office 365 Sedangkan di saya ga ada 365 ka
17,Halo ka apa pendaftaran sudah ditutup ya Aku mau coba daftar barusan ga bisa 
18,Apakah untuk learning track Intelligence Cloud Track materinya sama dengan Data  AI di Batch 1 Atau yg batch 2 ini lebih advance
19,Kapan pengumuman nya ya
20,Jadwal pembelajarannya jambrpa aja ya min
21,maribelajarid setiap pathwaylearning track yang ada dapat berapa sertifikasi ya min Terimakasih
22,Untuk learning track modern educator track apakah harus memiliki laptop dengan spesifikasi tertentu
23,mynameis22 minimal office 2019 kak
24,Min boleh menjelaskan mengenai logo certification  modern worker track 
25,Hai kak min aku udah acc SI Information Worker Track di aku MBKM aku selanjutnya apaya kak min
26,ndahayps sama
27,vidaoliviaprimadhany aku nitip yasoanya sama kendalanyaa Aku udh acc jga tpi blm tau info selanjutnya seperti apa
28,pritioktav iya hayuk kita up sampe kak min tanggapin
29,maribelajarid office 2016 gk bisa dong kak
30,theresyadrstn bantu jawab bisa install aja banyak kok tutor di ytb
31,ynhhdh takut bajakan 
32,theresyadrstn syedih kitaa
33,ynhhdh office saya luarannya tulisan 2016 tapi karena punya akun office 365 bisa jadi 365 officenyaa
34,vidaoliviaprimadhany nitip
35,Kak mau tanya kalo ICT itu spesifikasi laptopnya bagaimana ya kak Soalnya punya saya yang model lama
36,kaxjyone yuk up yuk
37,Kak mau tanya kalo ICT itu spesifikasi laptopnya bagaimana ya kak Soalnya punya saya yang model lama
38,vidaoliviaprimadhany nitip juga gez
39,maribelajarid untuk yg IWT sama juga kah min minimal 2019 Jawab yaa besok hari terakhir untuk terima apa enggak program nya
40,pritioktav halo kak mau tanya Apa udah ada kabar setelah acc harus ngapain
41,viniesm hallobisa dm aja yaa
42,Halo kaka admin apakah semua orang dapat ikut walau belum bekerja
43,syayafa Hi Kak Syafa diperkenankan kak silakan mendaftar 
44,Min tolong cek dm ya terimakasih
45,ninisfi oke kak 
46,Selamat malam kak mohon maaf mengganggu Saya mau membuka link format surat pernyataan tanggung jawab mutlak mahasiswa tetapi isinya susah dihapus dan tidak tersedia Saya harap mendapatkan link baru soalnya sudah dekat tanggal 5 Terima kasih
47,tianiexo sudah maksudnya
48,tianiexo halo kak surat Pernyataan Tanggung Jawab Mutlak dapat diunduh di website Maribelajarcoid
49,maribelajarid ok kak mohon maaf merepotkan
50,Halo min tolong cek dm ya
51,maribelajarid min saya masih belum mendapatkan gmail terkait mengikuti on boarding Apakah masih dalam artian ya pengiriman nya
52,Jam kerja ya Min Sayang sekali Ada relaynya di youtube ga
53,Halo min tolong cek dm yaa Terima kasih
54,Halo min maribelajarid  minta tolong cek dm ya saya menerima email undangan on boarding dan akun microsoft 365 dengan jalur lain bukan yg saya daftar sebelumnya terimakasih
55,Hi kak bisa diabaikan email sebelumnya ya dan email yang sesuai dg jalur pembelajaran yang kakak pilih telah kami kirimkanterima kasih
56,dheazah3 hi kak silakan cek email kembali ya
57,Cek dm min tolong
58,maribelajarid kalau untuk bbrp kolom data PIC Kampus di form pengumpulan dokumen adminstratif itu Koordinator MBKM Universitas ya min atau boleh dosen pembimbing MBKM Terimakasih
59,Hi kak Boleh pembimbing namun disarankan dpt diisi dg pic kampus
60,maribelajarid baik kak terimakasih infonya
61,maribelajarid  hi kak mau bertanya lg kmrn saya tidak bisa mengisi angka 0 pada kolom no hp PIC kampus di form maribelajar utk pengumpulan sptjm dan surat rekomendasi skrg saya cb lg ttp tdk bs itu gpp ya kak tanpa angka 0 terimakasih
62,Saya sudah daftar tapi tidak dapat email untuk melakukan test kak
63,sayarevanza hallo kak mohon cek email berkala ya saat ini kami masih dalam tahap proses seleksi berkas 
64,maribelajarid saya bach2 ikut intteligence cloud kalau misal nya mau ikut tentang cloud lagi saya ambil program yang mana yya kak soal nya beda program kak
65,d4 bisa ikut ga ya min
66,Kak saya sudah mendaftar 4 hari yang lalu tapi statusnya masih sudah daftar kak
67,maribelajarid admin link untuk pre test saya untuk MSIB cycle 3 tidak bisa dibuka apakah bisa minta link baru
68,httpsgomaribelajarorgdaftarMSIB
69,Untuk jadwal hariannya bisa di lihat dimana ya min
70,jadwal kelasnya pagimalam ya min maribelajarid
71,
72,
73,Mau tnya min utk SPTJM itu bgian wkil direktur kemahasiswaan mksdnya wakil rektor atau wakil dekan
74,Yeay
75,afradillah77 Hi kak dapat ditanda tangani oleh pihak level universitas kak misalnya wakil rektor
76,maribelajarid apakah bisa keringanan wakil dekan sj min Soalnya kalau warek susah lumayan susah ditemui dan ini udh ddline 5 Februari batas up berkasnya
77,maribelajarid untuk periode kegiatan kontrak apakah sudah bisa dimasukkan sekarang min  7 Feb  24 Juni
78,fraa5129 iyaa benar banget jadi was2
79,maribelajarid Permisi kak Apakah surat rekomendasinya harus ditandatangani Kaprodi atau boleh Dekan Fakultas saja Mohon konfirmasinya Terima kasih
80,Min mau tanya boleh minta silabuscapaian perprogramnya tidak min
81,yggmf hi kak boleh Besok akan kami bagikan di kelas virtual ya Thanks
82,ratnatiaratq hi kak boleh
83,kvnhi95 hi kak terkait permasalahan ini bisa langsng menghubungi kampus merdeka via tawkto pop up chat yang ada di platform ya sembari kami akan sampaikan permasalahan ini ke kampus merdeka Thanks
84,maribelajarid Baik Kak terimakasih
85,Min kalau mau nonton ulang Onboarding yang tadi dimana ya
86,maribelajarid mau nanya min untuk pengumuman lolos nya kapan ya Soalnya saya udah lama daftar tapi masih keterangan Masih dalam seleksi
87,Halo ka izin bertanya mengenai PIC kampus itu untuk keperluan apa ya  apakah untuk konfirmasi mengenai konversi sks ataukah hal lainnya
88,wildahtrianaa hi kak ini dilakukan utk pengiriman progress belajar mhasiswa Shg dpt termonitoring dg baik oleh kampus Thanks
89,maribelajarid Mohon maaf kak izin bertanya bagaimana melihat nama email dan nomor hp dari PIC kampus kita Atau temanteman disini ada tahu caranya Terimakasih
90,Kalau masih sudah daftra karena baru daftar kemarin apakah memang belum ya
91,syayafa bisa di cek email secara berkala kak
92,Izin bertanya min seminggu berapa kali kelas ya
93,Izin bertanya min saya sudah mengikuti pretest dari hari selasa tetapi sampek hari jumat ini blom dapat notifikasi lagi ya mohon pencerahan nya min
94,Izin bertanya min apakah belum ada pengumuman hasil kelulusan yah min Terimakasih sebelumnya
95,Selamat malam kak mohon maaf mengganggu Saya mau membuka link format surat pernyataan tanggung jawab mutlak mahasiswa tetapi isinya susah dihapus dan tidak tersedia Saya harap mendapatkan link baru soalnya sudah dekat tanggal 5 Terima kasih
96,Bikin yg angka romawi dan angka biasa min terus tata letaknya atas atau bawah itu berguna banget buat yg skripsian Bikin reels aja
97,byukadji Hi kak terima kasih atas masukannya Kami tampung dulu ya 
98,Batch 1 kmrn aku ikut program yg modern productivity skrg kebantu bgt ikutan studi independent ini buat aku skripsianthankyou maribelajar
99,selalu pakai cara ini untuk buat daftar isi
100,desrareifka tutor dong suhu
101,byukadji aduh kalah sama yg lebih suhu nih
102,Min mau tnya mngenai SPTJM MSIB itu formatnya yg diganti ckup nama ybs atau hrus diberi kop suratnya
103,Tadi saya dengar pemaparan dari pemateri bahwa ttd Wakil Rektor untuk SPTJM boleh digital Apakah saya bisa mendapat respon disini bahwa itu boleh Karena pihak kampus menuntut itu maribelajarid
104,Super membantu min
105,
106,
107,
108,Congrats
109,wahh mantap jangan lupa kunjungi profil kami yaa
110,semoga lolos
111,setelah pretest apa ada tes yg lain min
112,Sudah ngerjain pretest Info selanjutnya kirakira kapan ya min
113,Apakah untuk pengumuman diterimatidaknya setelah mengerjakan pretest akan diberitahukan melalui email kak maribelajarid 
114,Setelah pretest pengumuman selanjutnya bagaimana ya kak
115,urdearestblue mohon maaf saya ingin bertanya karena kakaknya sepertinya sudah mengikuti pretest 1 minggu lalu Untuk pengumuman lolos tidaknya apakah kakak tau akan bagaimana
116,Semoga saya lolos
117,ka udh ikutan pretestnya 
118,wdyayptr ia kak sudah cuman belum ada info untuk tahap selanjutnya
119,Daftar pathway apa ka
120,Kak apakah nanti ada kepastian info  untuk yg keterima atau tidak setelah ikut pretest
121,gabaguss microsoft Batch kak
122,Belum pengumuman kah
123,gabaguss belum kak masih menunggu
124,semoga lolos
125,Halo selamat sore bapakibu Perkenalkan saya Salsabilla Putri Arista Member Mari Belajar bersama Microsoft MSIB Angkatan 1 Kampus Merdeka Izin bertanya terkait sertifikat MariBelajar Angkatan 1 tidak bisa diakses Lalu Bagaiamana cara untuk download sertifikatnya bapakibu Terimakasih 
126,salsabillaaristaa cek Dm kami ya
127,Min perbaiki dulu web nya Loker kmren masih tercantoll gimana mau tambahi ijazah S1 nya
128,vzrenggamani
129,anonimusiid maribelajarid
130,Hi anonimusiid  dan nandariziq saat ini kamu dapat mencoba kembali untuk unggah berkas yang di maksud Apabila masih belum bisa mohon dm kami untuk  nama lengkap Anda Terimakasih 
131,fendiirfan
132,Terima kasih Tuhan memberkari
133,
134,
135,
136,
137,Min kok komennya dilimit min  vibicloud
138,Pertamax pertamaxx
139,Keren selamat untuk para pemenang
140,mantapp
141,Min offline dong maribelajarid
142,Min Yang lowongan kmren kog belum di proses ya Kalau nggak di terima tolong di tolak aja soalnya mau ngedit di bagian ijazah
143,Mau tanya career maribelajar apakah itu untuk S1 
144,anonimusiid tersedia dari beberapa jenjang pendidikan kak tidak hanya dari S1 
145,maribelajarid  jadi bisa gunakan ijazah sma ya untuk daftar
146,
147,Yah udh abis kuota aku
148,dapet uang saku gak min
149,izin tanya min untuk jadwal pembelajarannya bagaimana ya 
150,Offering mitranya kira² tanggal berapa ya kak
151,Ini udah pengumuman belum yadi status pendaftatanku belum berubah masihsudah daftar
152,Ayok bismillah bisa maribelajar proses pendaftarankuubiar bisa keterima disiniii
153,Apakah sudah ada grup belajarnya kak
154,Ada  uang bantuan uang saku kak 
155,jrbjrb658 lolos ga kak
156,agusspresley lolos kak
157,ikhwanzbkhi lolos bang
158,agusspresley ngambil apa bang
159,ikhwanzbkhi microsoft platform developer
160,agusspresley pengumuman nya dimana kak
161,saddamalyudin di gmail juga ada kok kalo ga cek di web kampus merdeka nya bang
162,agusspresley wah samaa kak
163,sodonewith udah ada info info lagi gaa atau grup wa gitu
164,agusspresley beluum kak
165,sodonewith kata adminnya segala informasi bakal d sampein d waemail Dn blm ada grup officialnya gtu
166,Mau tanya ada yang udah lolos msib 5 ga terus ambil tawaran di mari belajar Microsoft ini
167,sodonewith udah ada kak itu grup wa nya coba cek
168,intananggi15 aku udah lolos kak
169,Kpn ad lagi
170,doniindraaa hi kak tunggu postingan kami selanjutnya ya turn on notifications agar tidak terlewat 
171,bdindaaaa oh iya kak terima kasih banyak yaa kak untuk jawabannya Sangat bermanfaat sukses selalu kak
172,Kalo udah dinyatakan lolos maribelajar di web kampus merdeka itu ga akan ada seleksi lagi kan
173,halo min izin bertanya untuk pengumuman setelah pretest kapan ya apakah nanti ada email lebih lanjut untuk pengumuman lolostidaknya Terima kasih
174,justninn halo kakk boleh tau surat rekomendasi yg diminta itu formatnya gimana ya saya juga udah dapet email permintaan surkom cuma ngga ngerti apa bedanya dg surkom pas daftar 
175,trsiurrse Saya belum menyertakan surkom saat pendaftaran baru mau upload setelah lolos Untuk formatnya saya dari kampus mungkin sama aja Kak
176,jeslwln kakak sudah pengumuman ya
177,justninn oh okeokeee makasih kak
178,Min maribelajarid kenapa ya saya sudah pretes mulai tanggal 21 Januari kemarin tapi Sampai sekarang belum ada info lulus atau tidak nya hasil pretes saya min 
179,Padahal yang lain cepet bangett dapat infonya hmm
180,pintarmt kk nya belum dpt email juga
181,dimassamid99 blm kak 
182,dimassamid99 kakak udah  dapat email pengumuman hasil pretes  ya
183,pintarmt belom jugaa
184,dimassamid99 Kaka kapan pre test nya Tanggal 21 juga kah
185,frdwardah btw udh ada tapi unofficial gt ka
186,rizkanamira aku boleh join ga 
187,rizkanamira dimana tuh kak Mau dong boleh dm ya
188,frdwardah ayo siniii
189,thisisanilau saya daftarnya tanggal 20 kakterus dapet email untuk pretes di tanggal 21 kak
190,thisisanilau iya ka saya kemarin dapat email pengumuman jadwal pretes tanggal 21 nah di tanggal itu juga saya kirim jawaban pretes nya kak Tapi sampai sekarang pengumuman hasil pretes nya lolos atau engga
191,thisisanilau Kaka daftar tanggal 12 Januari ya
192,thisisanilau Aamiin ya Rabbalalamiin
193,thisisanilau semoga kita lolos ya kak 
194,thisisanil Aamiin siap kaa
195,Jadwal untuk pembelajarannya apakah akan diberitahukan sebelum kelas d mulai kak
196,pawestm udah ambil tawaran tp kok gadisuruh upload surat rekomendasi itu ada sebelah mana ya aku cuma upload suratnya pas pendaftaran aja
197,rizkanamira boleh gabung dong
198,ikhasawitri dm kaa
199,bilkishilmiap pas pendaftaran itu ga wajib upload
200,izin bertanya kalau konversi mata kuliah itu bisa dilakukan kalau program studi independen sudah selesai atau bisa sambil berjalan ya
201,Permisi Ada yang sudah lolos di mariBelajar Kalau sudah tolong info dong jika ada group whatsapptelegramnya terimakasih 
202,esihtheamean ada grup wa nih tpi yg unoff
203,pintarmt hai kak aku juga pretes tanggal 21 januari tapi juga belum dapet email sampai sekarang
204,asriliap Kaka daftar di modern educator track
205,ynhhdh saya boleh masuk nggak kak Kalau boleh saya DM
206,pintarmt iya kak
207,Hai temen temen mau tanya yang test tanggal 21 januari adakah yang sudah dapat pengumuman lulus 
208,maribelajarid apakah ini sore kak
209,rizkanamira halo kak maaf jbjb Boleh ikut gabung grup wa nya kak
210,alviiinisn dm ya kak
211,frdwardah aku mau gabung bisa ga ka
212,ynhhdh saya boleh ikut masuk ka
213,virginiaagst dm ya kak
214,Miin koo saya gabisa buat tanggal sesuai jadwal ya cuma pas saya perbarui tanggal lain yang tidak sesuai jadwal kontrak itu bisa mohon bantuannya min
215,Selamat malam kak mohon maaf mengganggu Saya mau membuka link format surat pernyataan tanggung jawab mutlak mahasiswa tetapi isinya susah dihapus dan tidak tersedia Saya harap mendapatkan link baru soalnya sudah dekat tanggal 5 Terima kasih
216,rizkanamira halo ka aku boleh join ngga
217,hinaell dm ya ka
218,virginiaagst boleh kak
219,esihtheamean halo kak Aku juga lolos nihh Aku boleh join grupnya ga kak Kalo boleh nanti aku DM kakak
220,imursun boleh kak
221,ngeri narsumnya ini 
222,fitasukiyani mantaaap kan kak jangan lupa hadirr 
223,Wah mantab Baru tau
224,gemilangtirto
225,whoopsyjeffry07 ga main menkrep
226,Kereeen 
227,Selamat ya maribelajar bangga sebagai bagian dari mentee maribelajar batch ke dua 
228,varifz terima kasih kak telah menjadi bagian kami belajar dan bertumbuh bersama kami 
229,frjuliaa terima kasih kak
230,
231,Mbak Ningggg
232,
233,Waaaaakewrennnn
234,Keyennnn banget 
235,Cemunguuut
236,bupatimanchesteru 
237,sansanparwati hihi timaaci 
238,kakaibl hihi timaaci 
239,thisintaants hihi timaaci tteh semangat jugaa
240,ngeri parahhh
241,azizaaanz naaah ini nihhh yang lebih ngeri
242,Wahh mantap Semoga lancar terus 
243,mastur99 masyaallah terimakasih Mas Tur
244,Kk  Rama ini Rafa sekarang  tinggal di mana k
245,keren bgt kak ramaaa
246,salsa648 halooo Rafa ini Rafa apa Vita coba hayoo Ka Rama masih di Karanganyar Faa
247,nazhifafarradina wainiiii niii yang lebihhh keren nihhh Selamat jugaaaa niiihhh udah jadi mabaaaa
248,wah sipaling merdeka xixixi
249,mamammamamat gass semua program pokoke
250,ramadyawd cuan cuan cuan
251,Min ini online atau offline yah maribelajarid 
252,Belum ada pengumuman min
253,rafaunais Hi kak saat ini masih belum ada mohon berkenan menunggu ya terima kasih 
254,syahbani731 Hi Kak pelaksanaan pembelajaran sepenuhnya dijalankan secara online terima kasih
255,maribelajarid untuk kelanjutan seleksi tes berikutnya gimana min Karena ada beberapa temen saya yg blom dapet email tes
256,rafaunais Hi kak untuk selanjutnya akan ada uji wawasan kebinekaan Bagi yang merasa belum mendapatkan email pretest bisa diarahkan untuk memeriksa SPAM kak terima kasih
257,ka maribelajarid  kalau sudah ikut pre test tetapi ingin daftar di posisi lain apakah bisa 
258,Ka mau bertanya apakah jika tidak lulus berkas spjtm maka kelulusan akan berpengaruh
259,maribelajarid oohhh gitu yah min
260,wdyayptr hi dear selama pendaftaran masih dibuka dapat mendaftar dibeberapa jalur pembelajaran Namun hasil akhir tetap memilih satu
261,duitreceh hi dear berkas harus sesuai dengan syarat dan ketentuan
262,min itu maksudnya proses seleksi mahasiswa di platform itu platform apa ya apakah seleksi yang dimaksud itu survey kebhinekaan
263,Kak kalau yg belum mendapatkan email pre test apakah dinyatakan tidak lolos 
264,maribelajarid apakah kita mendapatkan uang saku
265,Min saya tes di webnya kok nyandet trus ya min dan waktunya terus berkurang kalo gini caranya apa gabisa diulang min Karena koneksi saya juga lancar
266,ini khusus mahasiswa ya
267,endahenje Hi kak benar 
268,hi kak aku udah ampe tahap pretest dan validasi apakah stlh itu ada tahap konfirmasi lolos pretest melalui email atau lgsng seleksi di platform 
269,eecaaa platform kampus merdeka kak
270,lutfiahans pengumuman melalui platform kampus merdeka kak
271,Ada yang udah keterima
272,aryamanunggal255 ada kak
273,maribelajarid terjawwb ka
274,Semnagat koncku
275,Mntaplah
276,What Language is it
277,theradlifavaiaoo2 Indonesian
278,cek dm maribelajarid
279,agil done kak 
280,cek dm min
281,cek dm maribelajarid
282,Cek dm kak pls maribelajarid
283,Kalau boleh tau pengumuman lolos studi independen kapan ya min
284,hasanah14901 hi dear pengumuman penerimaan melalui platform kampus merdeka pada tanggal 411 Februari 2023 Mohon cek akun secara berkala
285,rafidikbar done kak
286,agil sudah kak 
287,muhammadfahridy done kak
288,maribelajarid terimakasih kak admin atas informasinya
289,Kak izin tanya kalau tidak ke terima keterangan di platformnya diproses  akan berubah tidak ya maribelajarid
290,maribelajarid maaf kak bisa cek dm lagi
291,Min mohon cek dm hehe makasih
292,Min mohon cek dm ya makasih
293,yg lolos program SIB udah ada yang masuk grup belum
294,tyadr halo kak sudah ada grupnya belum ya
295,tyadr lolos nih
296,maribelajarid cek dm ka
297,Ada yang lolos tapi blm ada informasi lagi lewat email
298,cek dm min maribelajarid
299,Ini yang lolos untuk komunikasi hanya melalui Microsoft Teams saja ya Apa ada grup watele begitu mungkin
300,nabiiilaz nitip kak
301,nabiiilaz kka lolos juga
302,mfikrisw kakak lolos juga
303,yellvnaa lolos ga kak
304,anscntyaa lolos kak
305,mfikrisw cek dm kak
306,anscntyaa lolos kak
307,yellvnaa hi kak saat ini apakah masih blm dapat email Jika blm mohondapat memeriksa inboxspam di email kakak ya terima kasih
308,maribelajarid Sudah ada kak terima kasih 
309,Halo kak admin klo yang udh daftar di bulan april harus daftar lagi kah atau gimana
310,Halo kak Yang sebelumnya dapat email dan diminta menunggu itu gimana ya kak
311,Hallo kak agilanggini19 dan hadygunawan16 jika sudah mendaftar gelombang 1 tidak perlu mendaftar kembali Dan cek email secara berkala untuk informasi pembagian kelas 
312,maribelajarid baik kak Terima kasih kak
313,keren
314,Ampunn suhuuuu
315,Suuuttt
316,faradiaanr spill cara daftar suhuu
317,Semangattt faraa
318,Manteb
319,titowes yuks daftar msib kack 
320,inpo magang merdeka kak
321,keren kak
322,pluviophileyy ah nggak kok kack
323,mkfikri langsung ke website kampus merdeka kak
324,xxrevita Alhamdulillah kack 
325,Semangat
326,rdfakhri tencuuu
327,mangatt tarisaa
328,sheeiiillaa Makaasii Sheilaa kamuu jugaa
329,Asikk diambil juga offeringnya mangatt
330,risataaa terimaaakasiii teehhwaitingg juga 
331,Ididiidid congratulations hahaha
332,arifudinsyah ditunggu twibonnya
333,
334,WowSemangat tarr 
335,piyakpiyak waaa iyaa terimakaacii
336,ikbalghajali10 
337,congratsss tarrrr
338,ipatfatmawatii makaasiii Ipaat
339,ephemeralsoobad sekarang apa tarr 
340,ikbalghajali10 besok ajalah
341,congratsss tarrrrr
342,anggieslstya makaaasii Anggie
343,ephemeralsoobad kenapa Komen woy wkwkkw
344,arifudinsyah u also comment in here brooo
345,Apa kabar re
346,Masa iyo
347,Alhamdulilah berkah ilmu nya ayanggg 
348,Keren pisan 
349,Love banyak banyak buat rizkaaa makasihh banyakkkk 
350,Congrats rizka berkah ilmu dan gelarnya
351,punten msib batch 1 numpang lewat
352,awhof permisi kang
353,fakhrinuralam alhamdulillah aamiin
354,sndiana17 
355,aldooo29 alhamdulillah aamiin ayaaaaaaaanggggggggg
356,dhiafauziahapra makasi aamiin aamiin
357,wahhh congratss rizkaAlhamdulillah semoga bermanfaat ya ilmunya
358,rapl1 aamiin aamiin thankyou apiii
359,Makasiii buat 5 bulan inii kaaa 
360,Congrats rizkaa makasih udah mau temenan dan bantuin akuu
361,hinaell luv yaa
362,Akhirnya lulus yaa gais wkwk
363,bingung kak
364,Infoo dek
365,hamdalahh ga sambat lg wkwk
366,gas ngipik kak
367,adekmuaa
368,Uda ga begadang lagi yaa zaaa wkwk
369,mantapp jolszzz
370,yok daftarr
371,kalo itu tetep mba
372,ya Allah cantike seee masyaAllah
373,aamiin makasii tp km jg cantik kak
374,
375,Cantike mba rizkaa 
376,and my boyfriendsssss kurang itu weh
377,maghfirahhan klo ini bingung mau tag siapa
378,wessss mantappppp
379,hanifaandika bisa aja ibuuu
380,
381,Idiw kewrennnnnnnnn
382,pujilestarii1 mohon doa restunya 
383,Selamat dan sukses fidyaa 
384,
385,Semangattt bebbbbb
386,arrumintan Terima kasih mbak Arrum
387,wahyuninrd 
388,dhaniay thankss gy kamu jugaa
389,semamgattt pipit
390,cindn terima kasih bnyakkk cin
391,Mau nanya apakah nanti ini mendapat kan sertifikat
392,michaelsinaga24 hallo kak sertifikat akan diberikan bagi peserta yang mengikuti challenge
393,Congrats dan semangat terus Erlina 
394,congrats bund
395,doraanggraaainiii mkasii bu dor
396,ratnapsari makasii mba ratna
397,wah congrats ya nok selamat menempuh SI semoga dilancarkan
398,yuulianti amiin mkasi mbaa
399,talithaazal aamiin tengkyu sus
400,Inspiringg polll 
401,azzahraski hadu masyaallah dikomen sm yg lebih gacor kesibukannya
402,
403,anazarrrrr 
404,Hey lovely We were scrolling through and think youre absolutely gorgeous  Dm us wed love to collab
405,mangstabb
406,aditadz mohon bantuannya kaq Adit wkwk
407,andrnoam punten mass wkwk
408,kok kurus
409,parah ngeduluin
410,adiradiva 2
411,HAHAHA thanks a lot loh kalian berdua  senassee adiradiva kerenn
412,adiradiva ayo uppp
413,hutagalungpiki bener2 ye piki
414,Keren banget kakak
415,Semangat kakkak
416,kameriaeta makasih sayang
417,viandini08 makasih kating
418,Semangattt kaka
419,fiitrianf  makasih kating aku
420,Mantap mantap keren
421,syahruldhan99 
422,ahjayadi lanjutkan pak 
423,Mantep banget semangat lurr
424,Keren bgt
425,kijang satu lari
426,Mantap ngko lek bayaran traktiran yud
427,Mantapp keren banget temenku niiih
428,Wihhh siap siap siap
429,difaishak siap bu petarung
430,dindafaranita baru tau ya kakwkwk
431,mrjrezh kijang Dua segera merapat makan gado2
432,stiglo Masih kalah keren sama kak stiglo
433,anaari09 makasih Semangat jg cikgu
434,fikrirusli10 soto rampal 
435,Wihhhhhhhh
436,imahmakatita alo cikguu
437,Mantap bro Yudha semngat yo bro
438,Jan ndak umum 
439,fikrirusli10 dityayudha soto ae  wkwkw
440,keziatimbalo weehh sist kezia Semangat jg SI nya sist
441,andyrynt mosok seh lurr
442,andyrynt masuk yo bro sotone fikri
443,dityayudha gas gas gas gas gas
444,dityayudha aku ikut yoo wkwkwk pengen rsa soto rampal mbk2 ayu
445,Uwiiiiih semangaat jangan kasih kendor dindah
446,Dinda hbs ini jgn tambah marah2 y MANGAT 
447,Ihiyyy Semangat Bu guru3
448,Hee panglipuran
449,ochorpn wkwkwk Makasih kak ocho Semangat juga Magangnyaaa
450,srioktavnlaila WKWKWK ampun kak
451,tiarradewi Weeeh Makasih Tiara u too
452,zahrinnaz wkwk betul sekali pemirsaa
453,Yuhuuu cemunguts dindaa
454,dwiiwahyu9 Maaci dwi U too
455,Alhamdulillah bapak bangga part 2
456,mevitanisyaa HAHAHA mari bersamasama membanggakan bapak
457,Alhamdulillah selamat dindaa
458,Selamat dan semangattt din
459,septaauliaa Thank You septaaa
460,elsaaip Maaci aip
461,Duhh ngerii semangaaatt
462,alfinasyntiaas wkwkwk Thank You piin
463,asikk mangatt kak 
464,muhimmaaaah wkwkwk ayoo kak ditunggu nih twibbon KM nyaa
465,semangat qaqa
466,semangat
467,macchiatong Makasiih kak wkwkwk
468,tffnia31 wkkwk thank youuu
469,Ngerii suhu
470,WAAAH KEREN BGTT KAKAKKK TIPS TRICKNYA DONGGG BIAR KETERIMAAAA
471,Produktif bgt kakaaa 
472,zzefanyadw tips nya temenan sama kamu biar termotivasi 
473,maghfirahhan Alhamdulillah samaan kan fir 
474,vettapril adoh padahal kak veta yang lebih memotivasi
475,Bismillah nyusul
476,carissarhy bismillah bisa 
477,Josss vet 
478,budists ni yg komen juga mantep bat niii wkwk
479,terosss terosssss
480,maskidi nabrak dong terus terus 
481,Pingin ikutan magangmerdeka batch 3 ini tapi
482,prasetyoadh24 mending magang aja mas duitnya gede
483,yumnakanshaaa aku udah ikut kampus mengajar mas pingin lanjut buat ikutan studi independen Tapi gak di bolehin sama prodi
484,mangat jod
485,fajarmuhammad713 siaapnuhuun
486,Kok familiar liat foto nya wwwwww
487,mfaridmahardika wkwk tau aja
488,oiii gak boleh foto di situ jod 
489,semangat jody kuhhhhhhh 
490,Itu fotonya di perusahaan apa jod
491,muhammadrasyidulaulia wah iya Ultpi ini yang fotoin pak komandan 
492,harianingrumpuji siap ji
493,athallahh19 wah tempatnya rahasia Al
494,jodyirwn wkwk siapa tu muhammadirham99 iko jod
495,muhammadrasyidulaulia wkwk bukaanmana talok dia tu pembimbing yg ambil foto
496,hahha yo lah tu jof
497,Uang sakunya brpa bang
498,Anjay keren rek
499,rizkyarima11 sek lebih keren arek ITS
500,fikrirusli10 masih nope ane idih magang di microsoft mas
501,Alhamdulillah Kerennn Semangat ya
502,arihandayani267 siap te
503,Mantap cici
504,pahmiid pahmiyy
505,semangattt 
506,kristissanti ikut gak mbakk
507,mangatsee kakak
508,shahnazsetia aduh makasih kaka Oleholeh keliling jabar kok gak sampek rumah saya ya kak
509,wuhuuuw mangats aqsaaa
510,devianrrr depi kangen
511,KOK AKU RA DI TAG SIH 
512,KOK AKU RA DI TAG SIH 
513,Buguluuu
514,vosmeyoves nesu nesu terus semaput meneh kwe ngko
515,fkrstuv apaan sih kok saya malu di komen anda pak
516,Yowwww 
517,
518,Mantaap kereen
519,msyamsurizal Alhamdulillah 
520,Hai jugagmna kbar 
521,Like balik ya kak
522,ditunggu giveawaynya bang
523,kereennn
524,ampun bang jago
525,Gipewei bang
526,kikiarifai stay tune bang
527,yusdisti paling jago dah mba nya 
528,anputar boong
529,elkanajee1 stay tune bang
530, semangat
531,Mantappps
532,
533,Kereenn bgt alig
534,aku jg ka 
535,must keep going smp muntah2 luv meow
536,Ehh Luluuu
537,uhuyy
538,Widihh
539,SEMINGIT FLUFFTONS MEOW MEOW
540,faragnuraimsn hihihi 3
541,sylveronicaa WKWKWKW jgn buka kartu gt dong met
542,syfarrr hahaha ayo syff
543,aryanissa26 maaci aryanimasen
544,riantaathallah wadukhh
545,annisasony hurr
546,Heh nat
547,michaelchristians haa opo
548,natanaels7 wocooo grupp lehhh
549,Thankyouu Havid sukses selalu yaa
550,Kuereenn ee  Bagi ilmu 
551,kerenkezia12 sama sama mba sukses selalu juga buat mba keren 
552,anisizza ayok lah gass
553,Keren  jngn lupa bagi ilmu ke adik kelas nya
554,Mantap mas sukses selalu mas havidza
555,Kyaa keren mas havid 
556,Keren mas hafidtetap semangat ya
557,fahmad26 siap pak
558,aritovarizki siap ri suwun
559,riskikukuh kyaa dikomen mastah Suwun ris 
560,imadsukmawati7 siap bulik 
561,go off king
562,Mantap kii
563,Congrats 
564,
565,Lanjut ke komen maafken caption yang sangat panjang lebar kali tinggi ini
566,Dan terakhir  terima kasih kepada dospem saya bunda hesty kampus ULM serta prodi kepada keluarga dan teman teman terdekat saya atas asupan support semangat pengertiannya dan bantuan selama saya mengikuti program SI ini
567,Mutiiiiiiiiiii akhirnya yaaa 
568,nurinjaniiiii akhirnya  terlewatin alhamdulillah
569,
570,vnstania 
571,
572,Gilak gilak gakuat anak kentang sibuk banget
573,syaarahnf 
574,hanahan13 aduh aduh gimana ya wkwk
575,Youre most welcome dik  tetap semangat dan sukses selalu ya 
576,Heyy
577,lov u bestie
578,Samasama makasih juga banyak2
579,
580,
581,bangganya aku
582,Selamat untukmu semoga lancar dan slk di mudahkan oleh Allah dalam setiap usahamu Aamiin 
583,Ngueriii
584,
585,priatamaandi ngeriaaan awm dong hey 
586,ongkysuhermanheng Alooo reminder kelas 
587,Uuuuuuuuwww
588,nindaea mbaaak niin 
589,Wohooo
590,woohoo akhirnya selesai yaa 
591,nurulfaazh lega banget ya rul 
592,shellasagita ayo shela ditunggu unggahannya 
593,
594,nissamrcll nisaaa 
595,Semoga sukses selalu Dwi 
596,Keren bgt
597,mahaningwijaya Aamiin Begitupun Ibu dan keluarga
598,Mangsteup wii
599,
600,mantap msibnya di micosoft
601,Ekspresinya menandakan 
602,Hallo yusuf salam kenal ya
603,Laler menclok neng rel
604,rizalullahmuh km sp
605,waannn duit bulanan ga caircair
606,ibukkos lalel menclok nang lel
607,Omoomo
608,siap bang merdeka
609,Itu tangannya ngasih kode apa ya
610,jafaralf bang tips biar gak wuning
611,hanamhasan cuan cuan cuan 
612,Pangling
613,danangsatriawan tips memutihkan gigi yang kuning ada di channel ngaparin geming yagesya
614,fonilolitaagustin ottokee ottokee
615,ngerii suhu 
616,vikasyahptr iya aku ganteng kok makasii
617,aditcahyono info pemecahan batu bara
618,yusuftaufikhur ADRO BUMI ITMG
619,Ndi mullet e
620,Senyum pep soden
621,Hallo
622,frlianglng salken sv
623,ahraffaa kodomo ae cek dadi teman baikmu
624,nstoff poto pas jaman nom noman
625,iku drijine lope lope nk sopo mas cop
626,raisakbarr itu bukan lope kawan itu kode buat pencairan fulus yg macett
627,P
628,dah luan aja ni bg wkwk
629,Sopo kuiii
630,roniwidodo334 pemeran figuran
631,hijrahtzamzah daripada kelupaan bang wkwk
632,rezazulfani salamnya orang atheis
633,Kalau makan pisang goreng tapi panas apa bunyinya gehang goheng atau  gehaaamg ghoheng bener gitu gak sih konsepnya 
634,baguspulunggono lebih ke pihang goheng sih mas kalo di daerah saya
635,yusuftaufikhur 
636,Im so proud of u 
637,mandaroo12 
638,Sisssss 
639,awww 
640,AAAAAAAAA KEREN BANGET BESTIE
641,dawasssss dadah dadah 
642,xotiasxo 
643,cangtiip 
644,aprilianrlaz hihihihihi
645,deellla jadi maloe
646,lemniscatic wkwkwk u ga mau ketemu i kak v
647,Proudd keren yahayy
648,aramdhani24 tengkyuuu nisaa
649,Mantap 
650,Mantap pak Eko 
651,asonna24 Nuhun aa sona 
652,situeko Harus tetap mengeluh dan jangan pernah semangat pak Eko 
653,Wkwkwk tai lah captionnya
654,asonna24 everyday everynight everymoment etamah sih 
655,ghiazh itu hasil ga tidur 2 hari lohh 
656,MAKASIH YAA EKO
657,kerenkezia12 siapp kak kembali kasih kak Keren
658,Karena caption anda sangat random saya beri nilai bintang 1
659,dyngnisa tapi itu bintangnya dua loh apakah bonus
660,Oke saya kasih minus situeko
661,dyngnisa apakah anda seorang dosen Emotnya sungguh mencerminkan sekali 
662,Apakah bapak botak apa delusi poto
663,vidzgarfield itu hanya fenomena anomali fatamorgana aja mbak vid 
664,Yaasitueko
665,dyngnisa ok 
666,
667,Copas dimana nak eko captionnya
668,leorizky19 maaf kak lew ini hasil jerih payah saya dan tim
669,situeko sukses selalu kak eko
670,Lagi nunggu msib maribelajarid min
671,dimediain tunggu informasi selanjutnya 
672,maribelajarid  waww tingkyuu min
673,Maribelajar buka studi independen lagi ga min Nunggu bgt nih buat SI nya Soalnya udh tgl segini blm buka track yg aku harepin  maribelajarid
674,rahmaapriliaani bner bgt
675,Cek DM kak
676,rahmaapriliaani hallo kak kami sudah buka pendaftaran  studi Independen cycle 3 Jangan lupa daftar sampai berjumpa dikelas
677,siddiqindrasyahrul done ka 
678,semoga lolos
679,nurullfd sudah ada pengumuman 
680,sitirosyadahnurlia apakah sudah ada kak
681,sndpf belum kak sepertinya saya belum lolos Soalnya yg lolos sudah dapet email
682,sitirosyadahnurlia berapa hari emangnya setelah tes pengumannya
683,sndpf aku tes tgl 23
684,Permisi  untuk yg sudah lolos apa ad grup chat atau semacam nya
685,ndinawt bantu jawab belum ada kak
686,inesuci10 terimakasih infony
687,ndinawt mau nanya kak kalo kita lolos apa kita harus buat rekening
688,ndinawt halo kak mau tanya kaka lolos di program studi independen yang mana kak kalo boleh tau
689,Info selanjutnya buat yg lolos gimana ya kakk
690,parah bngt padahal udah milih ini tapi tiba tiba dikurangin gimana pertanggungjawaban nya kita sudah menolak tmpt lain tapi knpa tbtb dikurangin setelah dinyatakan lolos
691,hyhaaan sama kita kak 
692,REPORTMARIBELAJAR
693,sndpf REPORTTTT SANGAT MENYUSAHKAN
694,Parahh bgtttt iniii
695,"Hi admin
Saya sedih dan kecewa dengan adanya pengurangan kuota ini Saya sudah menolak tawaran lain dan sudah mengisi krs
Aku harap pengumuman ini dibatalkan dan menggunakan kembali rencana awal 
Terima kasih"
696,mohon di jawab bagaimana ya ini jadinya yg udah lolos trs tbtb ga lolos itu jadi apa engga ya
697,ada yg udah lolos gak
698,sitirosyadahnurlia lolos gak kak
699,ariizky13 belum rezekinya kak
700,umamiiiiii izin tanya ka dapet email lolos nya waktu kapan ya
701,sopiaulum kak tesnya tanggal berapa
702,yunitanuf tanggal 23 Juli ka sampe sekarang belum ada info
703,sopiaulum aku kemarin tanggal 2 Agustus kak blum ada info juga
704,Pagi min saya belum menerima email masuk Telegram Mengapa ya min Saya sudah mengisi Formulir LOA
705,Ijin bertanya kan kemarin tanggal 9 sudah mengisi LoA dan survey kebhinekaan Lalu untuk pengumuman selanjutnya apakah sudah ada
706,Hallo min maribelajarid izin bertanya bagi mahasiswa yang sudah lolos apakah tidak digabungkan dalam 1 grup Karna program sudah mulai berjalan hari ini Namun tidak ada arahan yang didapat Mohon dibalas yaa
707,Halo admin maribelajarid  untuk program studi idependen cloud administrator apakah tidak ada grub telewams team nya Di akun kampus merdeka saya seharusnya ini sudah mulai kegiatan jadi buat laporan harian saya hari ini bagaimana Coba chat wa ga dibales
708,Ini maribelajar kok ga ada respon lari dari tanggung jawab apa gimana sih Kalau ga niat ikut program kampusmerdeka mending gausah join dari awal Kasian loh ini mahasiswa digantungin
709,siang admin maribelajarid ini untuk yang sudah lolos studi independen microsoft application maker apakah tidak ada grup untuk diberikan informasi
710,chandrarmdhni sama data analist ada grup nya ga ya
711,viviaryska aku juga lolos di data analyst dan AI kak tapi kok gk ada kelanjutannya ya
712,pinkilaila mungkin tunggu email aja ya dm juga belum dibales
713,Sama hari ini juga belum ada info di email padahal harus nya hari ini sudah mulai di data analytic
714,unikwln hai dear sudah cek email Baru saja kami kirimkan informasi terbaru 
715,riskiwulandariputri hai dear informasi grup sudah ada di email ya mohon di cek 
716,halcyonmira hai dear mohon cek email kami sudah kirimkan informasi terbaru 
717,chandrarmdhni hallo dear mohon segera meluncur ke email sudah kami kirimkan id untuk masuk grup 
718,afridagea hallo kak program hari ini yaitu on boarding nasional cek email untuk informasi lainnya 
719,Yang keterima siapa ya khusus nya program data analyst
720,aidaaa52 lagi nyari temen se program hehe
721,aidaaa52 akuu data analysts
722,Hari ini harusnya mulai yang data analyst dan AI tapi kok belum ada info yaa
723,aidaaa52 akuuu
724,maribelajarid  mau nanya untuk lihat jadwal belajar dan jam nya gimana ya untuk cycle batch 3
725,Halo min apakah sudah ada info terkait pelaksanaan program studi independen jalur data analysts dan AI karena hari ini saya belum mendapat kiriman email terkait pelaksanaan program
726,kak apakah tidak ada Twibbon Selebrasi MBKM CYCLE 3 SIB yah spt mitra lain
727,Untuk pengumuman cycle batch 3 program cloud administrator apakah sudah ada pengumuman Karena sampai detik ini saya tidak mendapatkan email apapun Mohon informasinya maribelajarid 
728,
729,Apakah power bi dipakai untuk penelitian kualitatif Wawancara Menyusun makna dll mengukur kepuasan tamu secara kualitatif
730,Saya udah 2x coba daftar koq ndak adacemail yg masuk yaa
731,Bisa kak samerdantasinulingga  analisis kualitatif dengan power BI dapat menggunakan text analysts dan pengukuran feedback dari tamu dapat menggunakan sentiment analysis di power BI contohnya pengukuran feedback positif atau negatif Untuk pembelajaran lebih jelasnya yuk daftar dan ikuti webinar Analisis data dengan Power Bi  Kami tunggu kehadirannya kak
732,Hi kak adhi3515 mohon maaf atas ketidak nyamanannya Apabila tidak masuk pada kotak masuk email tim kami juga mengirimkan via whatsapp Mohon untuk dapat diperiksa ya kak Terima kasih 
733,Udah masuk di WA dan sy udah bayar
734,maribelajarid bagus wa saja biar intens dan betul betul website webiste tak jelas Ada wa nya
735,Izin kami share kk
736,infopelatihangratis silakan kak 
737,WIIHHH MANTAP
738,zzllvsya alhamdulillah
739,Incess
740,aih kerennyaaa 
741,KEREN SEMANGAT INTANNNN
742,lailrdhzf MAKASIHHH LAIL AKU SELALU SEMANGAT HEHEHE
743,uchyanisaaa 
744,fathannabilaa hihihi maksih fathan
745,Wuidiii
746,ntaynnn jadi gimana Ibu Congrats atas dana bantuannya di program kampus merdeka jilid sekian baek² yaaaaa wkwkwk
747,Registrasinya sampai kapan ya kak
748,Sistem konversi SKS nya bagaimana ya kak Apakah bisa konversinya tidak full 20 sks
749,Min mau bertanya untuk batch 2 kali ini tidak dapat uang saku ya min untuk program studi independen ini Terimakasih maribelajarid
750,Minimal semester brapa min
751,fajaraugusta minimal semester 5 saat program studi independen dimulai kak  m
752,stillcoolyah sampai tanggal 14 Januari 2022 segera daftarkan dirimu ya  m
753,Min kalau daftar lebih dari 1 kegiatan di maribelajar boleh tidak ya
754,maribelajarid siaap kak
755,min buat belajarnya nanti tiap hari apa dan tiap harinya dari jam berapa sampai jam berapa
756,Pengumumannya kapan kak
757,Min ini langsung apply tanpa test dulu
758,Selamat malam kak mohon maaf mengganggu Saya mau membuka link format surat pernyataan tanggung jawab mutlak mahasiswa tetapi isinya susah dihapus dan tidak tersedia Saya harap mendapatkan link baru soalnya sudah dekat tanggal 5 Terima kasih
759,Kalau cuma punya certificate AI tapi gak ada Data certificate bisa gak min
760,Kak buat studi independen batch 4 skrg buka gak ya 
761,swunoei Hi Kak sudah dibuka kak silakan daftarkan diri melalui tautan httpsgomaribelajarorgmsib terima kasih
762,nahrulk Hi kak tidak masalah kak boleh salah satu saja terima kasih
763,maribelajarid astagfirullah  batesnya 8 Januari loh min dibalas nya 16 Januari 
764,beungeut
765,Kacaww
766,Ashiaaap santuy bi
767,
768,Mari Kita belajar 
769,Yg di belakang siapa ka
770,looting teroz
771,semangatttt bertumbuhh lovee
772,Sanggarr rek
773,niariaptr koncomu sok merendah tolong ramampu aku yusufanggi04
774,ekapuputp tumbuh keatas masih bisa gak
775,kesayangannmuuuuu setengah buat kamu
776,niariaptr opo meneh aku gak mampu poll
777,Ampun para suhu lalaln27 yusufanggi04
778,Sumpaaa ketrimo neng miscrosoft la
779,agyataaaa heem filan
780,niariaptr salam dari binjai
781,ROGER Epic Skin
782,ronaldoslbn M3lah masa Epic
783,suryasihite99 terlalu jelek M3
784,ronaldoslbn  officialmoonton
785,Keren
786,uwiii 
787,Keren kalii
788,Mantap
789,Abangg kita ni ah ciciliasinaga 
790,Keren abiss jo
791,Eakkk
792,Kalo dapat gopaynya bagi aku ya suryasihite99
793,Akhirnya ini go public ya Jo kwkw mantapss
794,seram abang ini 
795,Behhh
796,dortaviasiburian bihhh
797,usysmrg lebih seram abgmu v
798,shyntapurba iya jo wkwkwk
799,rosmelindasigalingging apasih sksd v
800,hompanjaitan idodaa le
801,sintiagintingg eakk
802,febry29 kutunggu cair ya dek v
803,jelitahtst 
804,estersimanullang29 
805,enjelinalestaris 
806,riodamanik7 
807,febry29 ga lengka2 aww
808,ciciliasinaga wajibb v
809,suryasihite99 wkwkw macam zenitsu tidur tidur keren aje
810,usysmrg inosuke gk kalah keren bisa masuk lubang tikus gaya ulok dibaen wkwkw
811,suryasihite99 haha kau kan ulok juga
812,Cuan cuan 
813,
814,Bg hite ini boz senggol dong
815,Tbl tbl ganteng bgtttt 
816,Congratulation
817,harisfadh20 Wahhh Tutor Zenius 
818,samuelparlindungan12 hahaha soon bro
819,harisfadh20 ahahaha amin kita sukses dengan cara kita sendiri 
820,Kerennn
821,Yee congrats Semangat yang penting 
822,semangat 
823,Kereeen semangat Tia 
824,Wihh semangattt
825,Selamat mbak semangat
826,Semangat mbak cantik
827,Wahh
828,
829,WEEE SEMANGAAAT
830,Selamat dan Semangattt
831,Semangatt
832,Gd luck sistaa
833,azrulifan Siaap Semangaat juga
834,lindaarrsportof Aamiin Makasih Sukses terus ya ndaichuu
835,olasssid Semangaat semangaat
836,fatmafama10 Alhamdulillah Selamat dan semangaat juga mbakchu
837,ranilasari Alhamdulillah Bahagia selalu hujanchu
838,uswahchan Siaap Sehat selaluu mbak cantikchuu
839,cerminmotivasi 
840,nggiifrima Siaap gigichu Semangat dan bahagia selaluu
841,dwiputrideviana Siaap Stay safe dear
842,rosakurniia Siaaap Semakin sukses yaa temanchu
843,niainiyah23 Alhamdulillah Semangat dan sehat selaluuu temanchuu
844,Wiii mantap ngab
845,tinmartin444 mantap gus
846,yok semangat
847,sumailkffn lah ga jadi ngitung
848,Wow data
849,Goodluck 
850,Mantap
851,bimbingankonselor masyaAllah bibi sehat selalu 
852,
853,Gass kan
854,Suhu rek
855,Wadoooo wes ndisik i lo
856,soffanakbar nggeh maszehh
857,nvanth1 termometer lak an
858,agitaberlian iya lo disik an dirimu tapi
859,rifasafir gamau duluan maunya barengan sama kamu
860,agitaberlian mulai
861,agitaberlian Ya Tuhan
862,elsaallyana kenapaaa sa Ada masalah Minat safir Gapapa ambil aja Asal dia mau
863,agitaberlian sudah2 jangan rebutan saya
864,Wenakkkkk
865,fakhrialwidodo 
866,yoiki seh
867,joos
868,ocmykris gandos
869,syahrilalfath wo nggih mas
870,bangtio123 koncomu yoo
871,verdyanctw raine ngateli
872,bangtio123 poll temonyone
873,verdyanctw mbiyen turaturu saiki kakean polah
874,bangtio123 onok opo iki rame2
875,bangtio123 biyen senengane ngrusuhi kos sak iki suangar
876,verdyanctw tenan iki idaman ciwi unesa
877,Nasbung 
878,maamaddd aman
879,cangtip amatt
880,wuhuuii mantep
881,nisavitrii ayo dilanjut demo nya
882,keren banget bocil satu inii
883,
884,kewrenn maksimal
885,KEREENNN  mana kmrn yg bilamg alma gabakal sukses eh 
886,
887,gitarania harus ditag ga si
888,raraimra ngawor wkwkw
889,Tutor gratis sabi lah ya
890,raraimra gitarania ayo tawuran aelah
891,vinkaas mylop guru tercinta 
892,annisa194 gadibales sampe detik iki lo sama pembimbink qt 
893,batarilp ngacaaa
894,aaaaaa kereeeeen bgtt sipipp
895,gokiiiil
896,iqbalridho webinar mahal se jadie
897,nabilanurhdyt aaaa panutanquee 
898,salsabilakamilaa cillll 
899,Mantab Sukses terus broo
900,catris2 AamiinTerima Kasih yaNte Sukses juga y
901,destadwihartanto OKE Bray Sugoiね
902,Alhamdulillahsukses terus mas riyansobirin 
903,rotikopipopibusawahbaru Aamiin Terima Kasih Banyak Bu Mita  Atas Bantuan waktu Skripsi saya Syukur Alhamdullilah Saya bisa Lulus Sidang Skripsi dengan Nilai Terbaik 
904,riyansobirin Masya Allah tabarokallah
905,Kelas betulll
906,
907,khaiihsan suttttt
908,uciwln 
909,Semangat
910,Mantap om bos
911,Proud of you bro
912,Semangat
913,Keren shim 
914,mhdff8 bikin lah fif
915,Madep simamang
916,adnusa nuhun mang
917, apik pisan
918,mufazahd thanks bro
919,maribelajar
920,Yeayyyy semangaatt dhee 
921,sitihusnullkhatimaah mangattttt
922,audiraichsan maringuli
923,maribelajar
924,Jadi inget im ready promotion nya Spongebob
925,yomeeo marirebahan
926,ridhopratama7 ape
927,yomeeo oiya ya baru kepikiran
928,aww fighting my nunaaa  u can do it 
929,anggrainydhea Spongebob movie kasian ga di promosikan jadi manager si sponge
930,xalyazn27 avvv makasih nanatttt
931,Wanna follow each other 
932,anggrainydhea urang Padang kakak
933,lovermangasejati bukan orang padang cuma kuliah
934,anggrainydhea bukan ya maaf saling follow yuk
935,Kerennnnn bossssthh
936,jutiiwaa Thank you 
937,Keren banget dah kawan aku
938,jennieclr22 Thank you 
939,Apa ada paket yang waktu kursusnya dipercepat
940,bratenengah hi kak waktu pelatihan 2 hari tiap batchnya 
941,Apakah lembaga ini sudah terdaftar pemerintah
942,Sertifikatnya terdaftar di BNSP ngga maribelajarid
943,Halo kak azkhairyah perusahaan kami sudah terdaftar sebagai lembaga Pelatihan Kerja Teknologi Informasi dan Komunikasi Swasta di Indonesia 
944,Si paling jago ini mahh
945,Widihhh edan bat dah
946,apaluliatakungwbro apa nich brow wkwkw
947,erlindanurii haha masih jauh dri kata jago er
948,What Language is it
949,theradlifavaia1 bahasa
950,permisi kak ijin bertanya untuk pendaftaran di Kampus Merdeka sampai tanggal berapa ya kak 
951,windaasrd hi dear sampai tanggal 27 Januari 2023
952,Halo kak untuk tahapan tes seleksinya ada apa saja ya 
953,Hari dan jam belajarnya bagaimana ya kak
954,duitreceh Hi kak utk proses seleksinya meliputi seleksi administrasi  Pretest uji pemahaman umum terkair jalur pembelajaran yg dipilih  konfirmasi melalui platform  uji wwawasan kebhinekaan  pengumuman final Terima kasih
955,ayuandinimh Hi kak  utk hari pelaksanaannya seperti layaknya kuliah dari senin sd jumat namun tidak tiap hari Sementara utk jamnya bervariasi mulai dari pkl 730 sd 2100 Terima kasih
956,Pengumuman tes selanjutnya kapan ya min Udah daftar dari 3 hari lalu emang belum dikirim semua atau gimana ya min
957,Oiya lalu untuk mengikuti data analyst ini apakah ada persyaratan khusus Seperti spesifikasi laptop jurusan atau mata kuliah yang harus ditempug
958,maribelajarid siap terima kasih kak 
959,Permisi kak untuk proses seleksi apakah diinformasikan melalui email Soalnya saya sudah daftar beberapa hari yg lalu namun di website mbkm statusnya sedang dalam proses
960,Halo kak saya sudah mendaftar di platform kampus merdeka tapi belum mendapatkan email untuk pretest Apakah kemungkinan saya tdk lulus administrasi 
961,apakah proses seleksi sudah dimulaimenunggu sampai batas akhir pendaftaran tgl 27 nnti
962,dhiyzip sama blm dapet info lanjutan
963,nabilarizky02 Hi kak sedang dilakukan seleksi secara parallel baik administrasi atau pun uji pengetahuan dasarterima kasih
964,Hi kak dhiyzip mohon ditunggu ya kak
965,atanasius hi kak mohon ditunggu yaa
966,rafaunais Hi kak mohon ditunggu informasi kami selanjutnya ya
967,rafaunais hi kak smua sama kak persyaratannya Karena nanti akan digunakan jg utk mendukung kelancaran waktu sertifikasi internasional 
968,maribelajarid Baik terimakasih infonya ka
969,sitirosyadahnurlia Hi kak benar akan kami kirimkan via email shg mohon secara memeriksa emaik abik di inbox atau spam Terima kasih
970,maribelajarid baik kak terimakasih kembali atas informasinya 
971,Halo kak maribelajarid izin bertanya kembali saya mendaftar di 2 posisi sebelumnya dan saya mendapatkan 2 email pretest  kemudian saya mengisi duaduanya akan tetapi ternyata link pretesnya masih sama Apakah tidak apaapa kak
972,Izin bertanya admin saya dpt email pretest 2x dengan posisi yg sama apakah harus dikerjakan 22nya atau hanya salah satunya
973,mac osx monterey aman ya kak ikut ini
974,ariahmadsobarudin sama saya juga dapat email 2x mohon pencerahannya min maribelajarid
975,eecaaa hi kak cukul sekali saja jika memang posisi yang dilamar hanya 1 jika lebih dari satu maka silakan dikerjakan sesuai jalur pembelajaran yg dilamar Terima kasih
976,maribelajarid baik min berarti itu dikirim dua kali bukan karena pengerjaan saya yang pertama bermasalah ya min
977,eecaaa benar kak
978,izin bertanya min saya sudah daftar tp sampai sekarang masih tidak ada email untuk test atau apa pun itu sedangkan sudah mau survei kebhinekaan
979,aleisya01 hi dear jika berkas sptjmsr mu sesuai maka pretest sudah kami kirimkan pertanggal 30 Januari kemarin mohon pastikan memeriksa folder spam atau promosi juga Terima kasih
980,maribelajarid baik terimakasih konfirmasi nya soalnya saya kurang tahu dan tidak ada email pemberitahuan apapun sdh dicek semua padahal ikut yg lain ga ada masalah dgn berkas ya sudah terimakasih 
981,maribelajarid Mohon izin bertanya kak konfirmasi melalui platform itu seperti apa ya kak
982,maribelajarid admin tolong baca dm 
983,Dapat uang saku selama program ga min maribelajarid
984,wah keren banget aku jadi pengen daftar lagi deh
985,sndpf What Language is it
986,Hallo Kak apakah boleh tahap seleksinya apa saja dan jadwal pembelajarannya 
987,Hi kak utk tahapan seleksinya meliputi seleksi administrasi  dilanjutkan dengan pretest pengetahuan dasar dan sejumlah pernyataan mengenai softskill and plan for future  pengumuman Untuk jadwalnya belum ada kak namun prinsipnya pelaksanaannya hampir sama persis dg perkuliahan ada UTS dan UAS mengingat program ini dapat mnggantikan aktivitas perkuliahan selama satu semester dan dapat dikonversi menjadi 20 sks Terima kasih
988,Hallo kak apakah bisa dilakukan sambil kuliah karna aku mash ada 1 matkul yang wajib diambil 
989,huntstd hi dear apabila masih ada matkul yang wajib di ambil diperbolehkan Dengan catatan masih ada sks untuk dikonversi 
990,bints06 Hi kak utk pendaftaran dibuka sd 27 Januari 2023 Saran kami dapat segera mendaftarkan diri agar dapat mengikuti seleksi tahap 1 lebih awal Terima kasih
991,Kak apakah ada perpanjangan pendaftaran
992,Ini nih wkwk ridzkyhanura
993,fikfnzaa apa bang wkwkwk
994,Anzay
995,ajarin MySQL dungs bosQ
996,sayananda gasss
997,andirafly792 yok daftar yok 
998,Mantap mas 
999,Aktipepollllll
1000,Gewlaaaa
1001,Itu mirip tanganku yg dibelakang
1002,elli19 Tangannya kembar identik yak 
1003,Hooh itu aku 
1004,Anzayy keren bgt brodii
1005,fnfau batir aku pengin dolannnn
1006,jofiaal  terbang bareng kuy
1007,rrayyy16 tengs semoga bisa ke Jepang barengggg gajelas 
1008,mufazahd aamiin aku ikut dong bareng
1009,mufazahd me too 
1010,Youre most welcome dik mufazahd keep the spirit ya hwaiting 
1011,ganteng banget lochhhh
1012,auliarpratiwi makasih 
1013,Aduduhhhhh
1014,congrats pakk
1015,iranandasyah makasih wulan 
1016,bismillah aamiin 
1017,hendrynm amiin 
1018,Faisulll
1019,fajekrina fajeeeeek ya ampun kangen 
1020,faisaldp wkwkwk ikut studi ta magang sul 
1021,fajekrina studi aku jek
1022,faisaldp oalah
